frame_id,timestamp,source,landmark_name,x_norm,y_norm,z_norm,handedness,visibility
14,2.365436315536499,HAND_0,WRIST_HAND,0.5469749569892883,1.0335752964019775,5.158789804227126e-07,Left,
14,2.365436315536499,HAND_0,INDEX_FINGER_TIP,0.32468381524086,0.6452893018722534,-0.14368735253810883,Left,
15,2.5105528831481934,HAND_0,WRIST_HAND,0.5283653736114502,1.0070745944976807,7.547866971435724e-07,Left,
15,2.5105528831481934,HAND_0,INDEX_FINGER_TIP,0.30343151092529297,0.5946676731109619,-0.14552727341651917,Left,
16,2.7244839668273926,HAND_0,WRIST_HAND,0.49783191084861755,0.9770745038986206,7.606079748256889e-07,Left,
16,2.7244839668273926,HAND_0,INDEX_FINGER_TIP,0.27291396260261536,0.5195909142494202,-0.1275915950536728,Left,
17,2.922945499420166,HAND_0,WRIST_HAND,0.5049601793289185,0.9404351711273193,5.935590365879762e-07,Left,
17,2.922945499420166,HAND_0,INDEX_FINGER_TIP,0.2809528708457947,0.46020472049713135,-0.10053732246160507,Left,
18,3.134453535079956,HAND_0,WRIST_HAND,0.5156052708625793,0.900378406047821,6.120067723713873e-07,Left,
18,3.134453535079956,HAND_0,INDEX_FINGER_TIP,0.3051571249961853,0.41274601221084595,-0.11969393491744995,Left,
19,3.3452372550964355,POSE,LEFT_SHOULDER,0.3748777508735657,0.620909571647644,-0.29250597953796387,,0.9998821020126343
19,3.3452372550964355,POSE,RIGHT_SHOULDER,0.5030204057693481,0.657749593257904,-0.3344798684120178,,0.9999312162399292
19,3.3452372550964355,POSE,LEFT_ELBOW,0.36152327060699463,0.4925817847251892,-0.27301710844039917,,0.8454741835594177
19,3.3452372550964355,POSE,RIGHT_ELBOW,0.5182266235351562,0.5486913919448853,-0.32020461559295654,,0.9944421648979187
19,3.3452372550964355,POSE,LEFT_WRIST_POSE,0.3557645082473755,0.45411011576652527,-0.3396047353744507,,0.7889655828475952
19,3.3452372550964355,POSE,RIGHT_WRIST_POSE,0.48398298025131226,0.5214608907699585,-0.36209502816200256,,0.9966681599617004
19,3.3452372550964355,HAND_0,WRIST_HAND,0.5097769498825073,0.8608332872390747,5.94427717715007e-07,Left,
19,3.3452372550964355,HAND_0,INDEX_FINGER_TIP,0.2998804748058319,0.373601496219635,-0.09071581065654755,Left,
20,3.5002410411834717,POSE,LEFT_SHOULDER,0.3768431842327118,0.6100423336029053,-0.20151063799858093,,0.9998646378517151
20,3.5002410411834717,POSE,RIGHT_SHOULDER,0.4766405522823334,0.6167770028114319,-0.2204124927520752,,0.9999282360076904
20,3.5002410411834717,POSE,LEFT_ELBOW,0.3925480544567108,0.4619380831718445,-0.071439728140831,,0.8045775890350342
20,3.5002410411834717,POSE,RIGHT_ELBOW,0.49314603209495544,0.48565930128097534,-0.12673348188400269,,0.9929001927375793
20,3.5002410411834717,POSE,LEFT_WRIST_POSE,0.3724007308483124,0.4396054148674011,0.03786119073629379,,0.7279337644577026
20,3.5002410411834717,POSE,RIGHT_WRIST_POSE,0.440969854593277,0.4685167372226715,-0.1051478236913681,,0.9944052696228027
20,3.5002410411834717,HAND_0,WRIST_HAND,0.5098816156387329,0.8608807921409607,5.627182986245316e-07,Left,
20,3.5002410411834717,HAND_0,INDEX_FINGER_TIP,0.30584266781806946,0.36492976546287537,-0.09360872954130173,Left,
21,3.649139881134033,POSE,LEFT_SHOULDER,0.37331247329711914,0.6111831068992615,-0.331765353679657,,0.9998199939727783
21,3.649139881134033,POSE,RIGHT_SHOULDER,0.4989067614078522,0.6176500916481018,-0.34654858708381653,,0.9999117851257324
21,3.649139881134033,POSE,LEFT_ELBOW,0.3847121596336365,0.4887647330760956,-0.1759040653705597,,0.7686935067176819
21,3.649139881134033,POSE,RIGHT_ELBOW,0.5130432844161987,0.49797138571739197,-0.2266804426908493,,0.9911130666732788
21,3.649139881134033,POSE,LEFT_WRIST_POSE,0.3887101411819458,0.5089561939239502,-0.09525615721940994,,0.677740216255188
21,3.649139881134033,POSE,RIGHT_WRIST_POSE,0.4837372303009033,0.509496808052063,-0.24682316184043884,,0.9922101497650146
21,3.649139881134033,HAND_0,WRIST_HAND,0.5185769200325012,0.8624883890151978,5.185021905163012e-07,Left,
21,3.649139881134033,HAND_0,INDEX_FINGER_TIP,0.3110816478729248,0.3698638677597046,-0.09343454241752625,Left,
22,3.798550605773926,POSE,LEFT_SHOULDER,0.3806180953979492,0.6184195280075073,-0.3170759379863739,,0.999789834022522
22,3.798550605773926,POSE,RIGHT_SHOULDER,0.5177994966506958,0.6253589391708374,-0.3366762697696686,,0.9999074339866638
22,3.798550605773926,POSE,LEFT_ELBOW,0.3838039040565491,0.4973435401916504,-0.13818714022636414,,0.7495051026344299
22,3.798550605773926,POSE,RIGHT_ELBOW,0.5185649394989014,0.4988940358161926,-0.19780950248241425,,0.9911879897117615
22,3.798550605773926,POSE,LEFT_WRIST_POSE,0.3805159032344818,0.49072933197021484,-0.03433937951922417,,0.640946626663208
22,3.798550605773926,POSE,RIGHT_WRIST_POSE,0.4848027229309082,0.5080946683883667,-0.15370377898216248,,0.9919319152832031
22,3.798550605773926,HAND_0,WRIST_HAND,0.5231295228004456,0.8655881881713867,5.191746481614246e-07,Left,
22,3.798550605773926,HAND_0,INDEX_FINGER_TIP,0.31917518377304077,0.37093299627304077,-0.08986911177635193,Left,
23,3.9312071800231934,POSE,LEFT_SHOULDER,0.37629276514053345,0.6200205087661743,-0.3118094801902771,,0.9997548460960388
23,3.9312071800231934,POSE,RIGHT_SHOULDER,0.5282652974128723,0.6228190660476685,-0.3575737774372101,,0.9999027252197266
23,3.9312071800231934,POSE,LEFT_ELBOW,0.365095853805542,0.4952557682991028,-0.16482257843017578,,0.7556965947151184
23,3.9312071800231934,POSE,RIGHT_ELBOW,0.5304203629493713,0.4910527467727661,-0.2121555507183075,,0.991209864616394
23,3.9312071800231934,POSE,LEFT_WRIST_POSE,0.36647525429725647,0.4836181104183197,-0.10064494609832764,,0.6159922480583191
23,3.9312071800231934,POSE,RIGHT_WRIST_POSE,0.4916914999485016,0.49288904666900635,-0.14630088210105896,,0.9912387132644653
23,3.9312071800231934,HAND_0,WRIST_HAND,0.5272111296653748,0.8701220750808716,5.039166239839687e-07,Left,
23,3.9312071800231934,HAND_0,INDEX_FINGER_TIP,0.3189496397972107,0.3753289580345154,-0.08793128281831741,Left,
24,4.070833444595337,POSE,LEFT_SHOULDER,0.3761262893676758,0.6387421488761902,-0.36417150497436523,,0.9993598461151123
24,4.070833444595337,POSE,RIGHT_SHOULDER,0.5341328978538513,0.6263591051101685,-0.397402822971344,,0.9998005032539368
24,4.070833444595337,POSE,LEFT_ELBOW,0.35350146889686584,0.5129553079605103,-0.21797947585582733,,0.7659999132156372
24,4.070833444595337,POSE,RIGHT_ELBOW,0.5378302335739136,0.4955531060695648,-0.24879637360572815,,0.9897155165672302
24,4.070833444595337,POSE,LEFT_WRIST_POSE,0.3640900254249573,0.47949454188346863,-0.10547958314418793,,0.603162407875061
24,4.070833444595337,POSE,RIGHT_WRIST_POSE,0.5048043131828308,0.4888809621334076,-0.20440468192100525,,0.9869711995124817
24,4.070833444595337,HAND_0,WRIST_HAND,0.528368353843689,0.8728673458099365,5.029796170674672e-07,Left,
24,4.070833444595337,HAND_0,INDEX_FINGER_TIP,0.31848591566085815,0.37801894545555115,-0.08756457269191742,Left,
25,4.2058141231536865,POSE,LEFT_SHOULDER,0.3715304136276245,0.6375653743743896,-0.3186085522174835,,0.9989686012268066
25,4.2058141231536865,POSE,RIGHT_SHOULDER,0.5446372628211975,0.6282644867897034,-0.345517098903656,,0.9996598362922668
25,4.2058141231536865,POSE,LEFT_ELBOW,0.34670567512512207,0.5169203281402588,-0.15902112424373627,,0.7690764665603638
25,4.2058141231536865,POSE,RIGHT_ELBOW,0.5383797287940979,0.49891868233680725,-0.17862772941589355,,0.9855988025665283
25,4.2058141231536865,POSE,LEFT_WRIST_POSE,0.3640816807746887,0.4835803806781769,-0.08063196390867233,,0.5798942446708679
25,4.2058141231536865,POSE,RIGHT_WRIST_POSE,0.5060651898384094,0.49205705523490906,-0.07772780954837799,,0.9768117070198059
25,4.2058141231536865,HAND_0,WRIST_HAND,0.5310974717140198,0.8763421177864075,5.058328156337666e-07,Left,
25,4.2058141231536865,HAND_0,INDEX_FINGER_TIP,0.3214428722858429,0.38043245673179626,-0.08722063899040222,Left,
26,4.344778537750244,POSE,LEFT_SHOULDER,0.40234774351119995,0.6388714909553528,-0.3059926927089691,,0.9990519285202026
26,4.344778537750244,POSE,RIGHT_SHOULDER,0.5059233903884888,0.636830747127533,-0.32269012928009033,,0.9996825456619263
26,4.344778537750244,POSE,LEFT_ELBOW,0.4007346034049988,0.5102584362030029,-0.1564730703830719,,0.7523840069770813
26,4.344778537750244,POSE,RIGHT_ELBOW,0.5083048343658447,0.5060283541679382,-0.21435289084911346,,0.9838824272155762
26,4.344778537750244,POSE,LEFT_WRIST_POSE,0.3859359622001648,0.4802447259426117,-0.03474396839737892,,0.5398473739624023
26,4.344778537750244,POSE,RIGHT_WRIST_POSE,0.4500855803489685,0.49018195271492004,-0.14101114869117737,,0.969243049621582
26,4.344778537750244,HAND_0,WRIST_HAND,0.5308035016059875,0.8780953884124756,4.877018682236667e-07,Left,
26,4.344778537750244,HAND_0,INDEX_FINGER_TIP,0.32241934537887573,0.3813503086566925,-0.08248598873615265,Left,
27,4.48504638671875,POSE,LEFT_SHOULDER,0.4011561870574951,0.6370183825492859,-0.3096800744533539,,0.9990794658660889
27,4.48504638671875,POSE,RIGHT_SHOULDER,0.5104801058769226,0.6337059736251831,-0.3238241970539093,,0.9996892809867859
27,4.48504638671875,POSE,LEFT_ELBOW,0.3989371061325073,0.5052605867385864,-0.17188289761543274,,0.7383707761764526
27,4.48504638671875,POSE,RIGHT_ELBOW,0.5189564824104309,0.5040962100028992,-0.21569451689720154,,0.9822757244110107
27,4.48504638671875,POSE,LEFT_WRIST_POSE,0.38585060834884644,0.48004159331321716,-0.0793517529964447,,0.5109395980834961
27,4.48504638671875,POSE,RIGHT_WRIST_POSE,0.4588903486728668,0.4937790334224701,-0.16229286789894104,,0.968284547328949
27,4.48504638671875,HAND_0,WRIST_HAND,0.5335251688957214,0.8798315525054932,4.954926566824724e-07,Left,
27,4.48504638671875,HAND_0,INDEX_FINGER_TIP,0.3228817582130432,0.38206908106803894,-0.08547648787498474,Left,
28,4.629571914672852,POSE,LEFT_SHOULDER,0.4040461480617523,0.635877788066864,-0.33023586869239807,,0.9991493225097656
28,4.629571914672852,POSE,RIGHT_SHOULDER,0.5109065771102905,0.6320484280586243,-0.33653682470321655,,0.9997148513793945
28,4.629571914672852,POSE,LEFT_ELBOW,0.3952135443687439,0.5035834312438965,-0.20064345002174377,,0.7428293228149414
28,4.629571914672852,POSE,RIGHT_ELBOW,0.5207633376121521,0.49273696541786194,-0.2511309087276459,,0.9818858504295349
28,4.629571914672852,POSE,RIGHT_WRIST_POSE,0.46688327193260193,0.48816749453544617,-0.26672250032424927,,0.965617299079895
28,4.629571914672852,HAND_0,WRIST_HAND,0.5369210243225098,0.878666877746582,5.166668870515423e-07,Left,
28,4.629571914672852,HAND_0,INDEX_FINGER_TIP,0.32835155725479126,0.3795830011367798,-0.08394470810890198,Left,
29,4.769351482391357,POSE,LEFT_SHOULDER,0.4001726508140564,0.6328179836273193,-0.309378057718277,,0.999193549156189
29,4.769351482391357,POSE,RIGHT_SHOULDER,0.5251215100288391,0.6390791535377502,-0.3276504874229431,,0.9997369050979614
29,4.769351482391357,POSE,LEFT_ELBOW,0.3762967586517334,0.5005699992179871,-0.1737913340330124,,0.7498837113380432
29,4.769351482391357,POSE,RIGHT_ELBOW,0.5465744137763977,0.4948253929615021,-0.22311067581176758,,0.9806935787200928
29,4.769351482391357,POSE,RIGHT_WRIST_POSE,0.49593299627304077,0.48112377524375916,-0.22244803607463837,,0.9647188186645508
29,4.769351482391357,HAND_0,WRIST_HAND,0.5368069410324097,0.8809511065483093,5.260289412944985e-07,Left,
29,4.769351482391357,HAND_0,INDEX_FINGER_TIP,0.3386421501636505,0.36898842453956604,-0.09011931717395782,Left,
30,4.897504806518555,POSE,LEFT_SHOULDER,0.4164343476295471,0.6325773596763611,-0.12722210586071014,,0.9992371201515198
30,4.897504806518555,POSE,RIGHT_SHOULDER,0.4892846643924713,0.644410252571106,-0.10731015354394913,,0.9997447729110718
30,4.897504806518555,POSE,LEFT_ELBOW,0.40875306725502014,0.4975561201572418,-0.08332763612270355,,0.7472309470176697
30,4.897504806518555,POSE,RIGHT_ELBOW,0.5414939522743225,0.5361918210983276,-0.08776944875717163,,0.9680646061897278
30,4.897504806518555,POSE,RIGHT_WRIST_POSE,0.5471886396408081,0.46067526936531067,-0.09959529340267181,,0.9389677047729492
30,4.897504806518555,HAND_0,WRIST_HAND,0.5381051301956177,0.8815784454345703,7.196812248366768e-07,Left,
30,4.897504806518555,HAND_0,INDEX_FINGER_TIP,0.3645649254322052,0.3433135747909546,-0.10959764569997787,Left,
31,5.0147199630737305,POSE,LEFT_SHOULDER,0.4101436138153076,0.6453038454055786,-0.42133504152297974,,0.9988020658493042
31,5.0147199630737305,POSE,RIGHT_SHOULDER,0.4945823550224304,0.6602671146392822,-0.46087560057640076,,0.9996291995048523
31,5.0147199630737305,POSE,LEFT_ELBOW,0.43726295232772827,0.5063201189041138,-0.4131813049316406,,0.7656411528587341
31,5.0147199630737305,POSE,RIGHT_ELBOW,0.6000089049339294,0.5491384267807007,-0.42898982763290405,,0.9652193784713745
31,5.0147199630737305,POSE,RIGHT_WRIST_POSE,0.6008310914039612,0.4684549868106842,-0.46885767579078674,,0.9343525767326355
31,5.0147199630737305,HAND_0,WRIST_HAND,0.5421413779258728,0.8835816383361816,8.700591820343107e-07,Left,
31,5.0147199630737305,HAND_0,INDEX_FINGER_TIP,0.3773210942745209,0.33541959524154663,-0.10714247822761536,Left,
32,5.136090993881226,POSE,LEFT_SHOULDER,0.4061034619808197,0.6519703269004822,-0.43815499544143677,,0.9985832571983337
32,5.136090993881226,POSE,RIGHT_SHOULDER,0.5110200643539429,0.6655503511428833,-0.47830814123153687,,0.9996119141578674
32,5.136090993881226,POSE,LEFT_ELBOW,0.4421762526035309,0.5065429210662842,-0.4233627915382385,,0.7726537585258484
32,5.136090993881226,POSE,RIGHT_ELBOW,0.6068822145462036,0.5389784574508667,-0.4249219298362732,,0.9608801603317261
32,5.136090993881226,POSE,RIGHT_WRIST_POSE,0.5995880961418152,0.46126264333724976,-0.41941648721694946,,0.9284783601760864
32,5.136090993881226,HAND_0,WRIST_HAND,0.5451303720474243,0.8803840279579163,8.615404567535734e-07,Left,
32,5.136090993881226,HAND_0,INDEX_FINGER_TIP,0.3765067756175995,0.33234354853630066,-0.11513009667396545,Left,
33,5.261927604675293,POSE,LEFT_SHOULDER,0.4655156135559082,0.6863806843757629,-0.16370728611946106,,0.9983693361282349
33,5.261927604675293,POSE,RIGHT_SHOULDER,0.4616968035697937,0.6643138527870178,-0.1966714859008789,,0.9995226860046387
33,5.261927604675293,POSE,LEFT_ELBOW,0.5609922409057617,0.6039226055145264,-0.15880367159843445,,0.7449654936790466
33,5.261927604675293,POSE,RIGHT_ELBOW,0.5288084149360657,0.521574854850769,-0.20304179191589355,,0.9202941656112671
33,5.261927604675293,POSE,RIGHT_WRIST_POSE,0.5197805166244507,0.45476827025413513,-0.27220869064331055,,0.8586869239807129
33,5.261927604675293,HAND_0,WRIST_HAND,0.5438839197158813,0.8836913108825684,8.709141638973961e-07,Left,
33,5.261927604675293,HAND_0,INDEX_FINGER_TIP,0.3762719929218292,0.33430904150009155,-0.12102825939655304,Left,
34,5.387405633926392,POSE,LEFT_SHOULDER,0.4265063405036926,0.6490858197212219,-0.32049989700317383,,0.9980295300483704
34,5.387405633926392,POSE,RIGHT_SHOULDER,0.5193859338760376,0.6559791564941406,-0.3355514109134674,,0.9995293021202087
34,5.387405633926392,POSE,LEFT_ELBOW,0.3918153643608093,0.5231204628944397,-0.3436812460422516,,0.766556441783905
34,5.387405633926392,POSE,RIGHT_ELBOW,0.6250191926956177,0.54159015417099,-0.33343714475631714,,0.9240915775299072
34,5.387405633926392,POSE,RIGHT_WRIST_POSE,0.6427158117294312,0.4599466919898987,-0.3777931034564972,,0.8581590056419373
34,5.387405633926392,HAND_0,WRIST_HAND,0.5431154370307922,0.8840248584747314,8.535027404832363e-07,Left,
34,5.387405633926392,HAND_0,INDEX_FINGER_TIP,0.3763285279273987,0.3347809314727783,-0.11380394548177719,Left,
35,5.5056915283203125,HAND_0,WRIST_HAND,0.5433474779129028,0.8856203556060791,8.447801178590453e-07,Left,
35,5.5056915283203125,HAND_0,INDEX_FINGER_TIP,0.37625497579574585,0.3355891704559326,-0.11969935894012451,Left,
36,5.624899864196777,HAND_0,WRIST_HAND,0.5448898673057556,0.888322114944458,8.536762834410183e-07,Left,
36,5.624899864196777,HAND_0,INDEX_FINGER_TIP,0.37596163153648376,0.33608168363571167,-0.1183127835392952,Left,
37,5.733779430389404,HAND_0,WRIST_HAND,0.5456011295318604,0.8882482051849365,8.582926511735423e-07,Left,
37,5.733779430389404,HAND_0,INDEX_FINGER_TIP,0.37626880407333374,0.3376082181930542,-0.11520818620920181,Left,
38,5.8385090827941895,HAND_0,WRIST_HAND,0.543877899646759,0.8899294137954712,8.525471457687672e-07,Left,
38,5.8385090827941895,HAND_0,INDEX_FINGER_TIP,0.37584638595581055,0.33798056840896606,-0.11607231199741364,Left,
39,5.950368881225586,HAND_0,WRIST_HAND,0.5440840125083923,0.890532374382019,8.473838306599646e-07,Left,
39,5.950368881225586,HAND_0,INDEX_FINGER_TIP,0.37646740674972534,0.3386650085449219,-0.11609296500682831,Left,
40,6.055996417999268,HAND_0,WRIST_HAND,0.5450376868247986,0.8918695449829102,8.618821425443457e-07,Left,
40,6.055996417999268,HAND_0,INDEX_FINGER_TIP,0.3766833543777466,0.34161871671676636,-0.12047482281923294,Left,
41,6.164186239242554,HAND_0,WRIST_HAND,0.5457744598388672,0.8950415849685669,8.720311370780109e-07,Left,
41,6.164186239242554,HAND_0,INDEX_FINGER_TIP,0.37656867504119873,0.34589043259620667,-0.12081421166658401,Left,
42,6.27572226524353,HAND_0,WRIST_HAND,0.5450882315635681,0.895560622215271,8.484033173772332e-07,Left,
42,6.27572226524353,HAND_0,INDEX_FINGER_TIP,0.3763911724090576,0.3465832471847534,-0.11984133720397949,Left,
43,6.385191202163696,HAND_0,WRIST_HAND,0.545421302318573,0.8978230953216553,8.456678983748134e-07,Left,
43,6.385191202163696,HAND_0,INDEX_FINGER_TIP,0.3773103952407837,0.3466942012310028,-0.12379799783229828,Left,
44,6.492727041244507,HAND_0,WRIST_HAND,0.5463284850120544,0.8949394822120667,8.381879865737574e-07,Left,
44,6.492727041244507,HAND_0,INDEX_FINGER_TIP,0.3779522478580475,0.34459975361824036,-0.12012827396392822,Left,
45,6.598391532897949,HAND_0,WRIST_HAND,0.5460257530212402,0.8959987163543701,8.601195986557286e-07,Left,
45,6.598391532897949,HAND_0,INDEX_FINGER_TIP,0.38389745354652405,0.34023213386535645,-0.11840768158435822,Left,
46,6.707654237747192,HAND_0,WRIST_HAND,0.5486025214195251,0.8884211778640747,8.573308036829985e-07,Left,
46,6.707654237747192,HAND_0,INDEX_FINGER_TIP,0.38466697931289673,0.33832281827926636,-0.11919291317462921,Left,
47,6.814068078994751,HAND_0,WRIST_HAND,0.5489763617515564,0.8856732845306396,8.492123697578791e-07,Left,
47,6.814068078994751,HAND_0,INDEX_FINGER_TIP,0.38518068194389343,0.3380415141582489,-0.11995365470647812,Left,
48,6.926802396774292,HAND_0,WRIST_HAND,0.5485252737998962,0.8864156007766724,8.210055284507689e-07,Left,
48,6.926802396774292,HAND_0,INDEX_FINGER_TIP,0.3847408890724182,0.339877188205719,-0.11754501610994339,Left,
49,7.034933567047119,HAND_0,WRIST_HAND,0.5487378239631653,0.8863847255706787,8.145415790750121e-07,Left,
49,7.034933567047119,HAND_0,INDEX_FINGER_TIP,0.3852187395095825,0.33849531412124634,-0.11720951646566391,Left,
50,7.142885446548462,HAND_0,WRIST_HAND,0.5484340786933899,0.8897640705108643,8.274316769529833e-07,Left,
50,7.142885446548462,HAND_0,INDEX_FINGER_TIP,0.38604965806007385,0.33798590302467346,-0.11864344775676727,Left,
51,7.251883506774902,HAND_0,WRIST_HAND,0.5485402941703796,0.8908795118331909,8.586850981373573e-07,Left,
51,7.251883506774902,HAND_0,INDEX_FINGER_TIP,0.3861249089241028,0.3397778570652008,-0.12412525713443756,Left,
52,7.360313415527344,HAND_0,WRIST_HAND,0.5489646792411804,0.891313910484314,8.302703236040543e-07,Left,
52,7.360313415527344,HAND_0,INDEX_FINGER_TIP,0.38466179370880127,0.34199973940849304,-0.12100059539079666,Left,
53,7.476498603820801,HAND_0,WRIST_HAND,0.5474731922149658,0.8910583853721619,8.484821591991931e-07,Left,
53,7.476498603820801,HAND_0,INDEX_FINGER_TIP,0.3829733431339264,0.3419854938983917,-0.11863812059164047,Left,
54,7.579777240753174,HAND_0,WRIST_HAND,0.5515772104263306,0.888905942440033,6.663655085503706e-07,Left,
54,7.579777240753174,HAND_0,INDEX_FINGER_TIP,0.3544935882091522,0.36082035303115845,-0.07799159735441208,Left,
55,7.687671422958374,HAND_0,WRIST_HAND,0.5462163686752319,0.8815956711769104,7.780478199492791e-07,Left,
55,7.687671422958374,HAND_0,INDEX_FINGER_TIP,0.34093910455703735,0.37143194675445557,-0.06501787155866623,Left,
56,7.796154022216797,HAND_0,WRIST_HAND,0.5453676581382751,0.8799326419830322,8.256402566075849e-07,Left,
56,7.796154022216797,HAND_0,INDEX_FINGER_TIP,0.3416239619255066,0.37272635102272034,-0.07429803162813187,Left,
57,7.905219078063965,HAND_0,WRIST_HAND,0.5413400530815125,0.8766577839851379,9.537177447782597e-07,Left,
57,7.905219078063965,HAND_0,INDEX_FINGER_TIP,0.3447408080101013,0.36764025688171387,-0.07313293218612671,Left,
58,8.016295433044434,HAND_0,WRIST_HAND,0.5414546728134155,0.8748883008956909,1.0117386182173504e-06,Left,
58,8.016295433044434,HAND_0,INDEX_FINGER_TIP,0.3482203185558319,0.36726114153862,-0.06666561961174011,Left,
59,8.125003576278687,HAND_0,WRIST_HAND,0.5431987643241882,0.8760895133018494,9.83494715001143e-07,Left,
59,8.125003576278687,HAND_0,INDEX_FINGER_TIP,0.3471892774105072,0.36843258142471313,-0.06669016927480698,Left,
60,8.235710144042969,HAND_0,WRIST_HAND,0.5444158911705017,0.8780746459960938,9.542837915432756e-07,Left,
60,8.235710144042969,HAND_0,INDEX_FINGER_TIP,0.34539154171943665,0.36824145913124084,-0.07227479666471481,Left,
61,8.350340127944946,HAND_0,WRIST_HAND,0.5500063300132751,0.8896387219429016,6.277527972997632e-07,Left,
61,8.350340127944946,HAND_0,INDEX_FINGER_TIP,0.36060354113578796,0.36060240864753723,-0.08623810857534409,Left,
62,8.45906114578247,HAND_0,WRIST_HAND,0.5492085218429565,0.8976564407348633,6.697921435261378e-07,Left,
62,8.45906114578247,HAND_0,INDEX_FINGER_TIP,0.3664282560348511,0.358047217130661,-0.09730400145053864,Left,
63,8.569295644760132,HAND_0,WRIST_HAND,0.5508267283439636,0.8983302712440491,7.674404400859203e-07,Left,
63,8.569295644760132,HAND_0,INDEX_FINGER_TIP,0.37499818205833435,0.351413756608963,-0.12263722717761993,Left,
64,8.68877911567688,HAND_0,WRIST_HAND,0.5513859391212463,0.8999934792518616,8.162344329321058e-07,Left,
64,8.68877911567688,HAND_0,INDEX_FINGER_TIP,0.37798506021499634,0.35060572624206543,-0.1272115260362625,Left,
65,8.809280157089233,HAND_0,WRIST_HAND,0.5503203272819519,0.9006156325340271,8.492368692714081e-07,Left,
65,8.809280157089233,HAND_0,INDEX_FINGER_TIP,0.3804275393486023,0.3532884418964386,-0.125648632645607,Left,
66,8.934323072433472,HAND_0,WRIST_HAND,0.5505651831626892,0.8999834060668945,8.339658279510331e-07,Left,
66,8.934323072433472,HAND_0,INDEX_FINGER_TIP,0.3813905715942383,0.35222485661506653,-0.12313298135995865,Left,
67,9.068295955657959,HAND_0,WRIST_HAND,0.549718976020813,0.8986804485321045,8.65869026256405e-07,Left,
67,9.068295955657959,HAND_0,INDEX_FINGER_TIP,0.3783852458000183,0.3502691090106964,-0.1264660656452179,Left,
68,9.177316427230835,HAND_0,WRIST_HAND,0.541355550289154,0.8900080323219299,8.759331535657111e-07,Left,
68,9.177316427230835,HAND_0,INDEX_FINGER_TIP,0.364848256111145,0.3498137295246124,-0.12681709229946136,Left,
69,9.304868936538696,HAND_0,WRIST_HAND,0.5364176034927368,0.8903727531433105,8.510889983881498e-07,Left,
69,9.304868936538696,HAND_0,INDEX_FINGER_TIP,0.3614780306816101,0.35023361444473267,-0.11947040259838104,Left,
70,9.419823169708252,HAND_0,WRIST_HAND,0.5022315382957458,0.8898988962173462,8.109573741421627e-07,Left,
70,9.419823169708252,HAND_0,INDEX_FINGER_TIP,0.32253172993659973,0.36981403827667236,-0.1089266911149025,Left,
71,9.527878046035767,HAND_0,WRIST_HAND,0.4624387323856354,0.8732917308807373,7.690987331443466e-07,Left,
71,9.527878046035767,HAND_0,INDEX_FINGER_TIP,0.27014562487602234,0.3911612927913666,-0.10898274183273315,Left,
72,9.637094259262085,HAND_0,WRIST_HAND,0.42590510845184326,0.8520301580429077,7.107265105332772e-07,Left,
72,9.637094259262085,HAND_0,INDEX_FINGER_TIP,0.23197634518146515,0.4042257070541382,-0.09923522174358368,Left,
73,9.744186639785767,HAND_0,WRIST_HAND,0.41674870252609253,0.8457906246185303,6.757829851267161e-07,Left,
73,9.744186639785767,HAND_0,INDEX_FINGER_TIP,0.2238353192806244,0.4036906063556671,-0.10393355786800385,Left,
74,9.849291324615479,HAND_0,WRIST_HAND,0.4013276696205139,0.837174654006958,6.736800060025416e-07,Left,
74,9.849291324615479,HAND_0,INDEX_FINGER_TIP,0.20894598960876465,0.4154431223869324,-0.08595357835292816,Left,
75,9.962774515151978,HAND_0,WRIST_HAND,0.3973695933818817,0.8382896184921265,6.253545166146068e-07,Left,
75,9.962774515151978,HAND_0,INDEX_FINGER_TIP,0.2066391110420227,0.4210118353366852,-0.08998474478721619,Left,
76,10.067603588104248,HAND_0,WRIST_HAND,0.3994618058204651,0.8435907363891602,6.670368861705356e-07,Left,
76,10.067603588104248,HAND_0,INDEX_FINGER_TIP,0.20983296632766724,0.4242674708366394,-0.0918043851852417,Left,
77,10.176546573638916,HAND_0,WRIST_HAND,0.4070236384868622,0.8419675827026367,6.665410978712316e-07,Left,
77,10.176546573638916,HAND_0,INDEX_FINGER_TIP,0.2188052535057068,0.41188234090805054,-0.09757495671510696,Left,
78,10.286116123199463,HAND_0,WRIST_HAND,0.41022735834121704,0.8368252515792847,6.787491315662919e-07,Left,
78,10.286116123199463,HAND_0,INDEX_FINGER_TIP,0.22115197777748108,0.40124234557151794,-0.0991845354437828,Left,
79,10.396526336669922,HAND_0,WRIST_HAND,0.40883103013038635,0.8362065553665161,6.650844852629234e-07,Left,
79,10.396526336669922,HAND_0,INDEX_FINGER_TIP,0.22060498595237732,0.4031659960746765,-0.09658448398113251,Left,
80,10.50736689567566,HAND_0,WRIST_HAND,0.40951767563819885,0.8355202674865723,7.045081815704179e-07,Left,
80,10.50736689567566,HAND_0,INDEX_FINGER_TIP,0.22147870063781738,0.4044696092605591,-0.0964815765619278,Left,
81,10.61764645576477,HAND_0,WRIST_HAND,0.40255793929100037,0.8323858976364136,6.348532224365044e-07,Left,
81,10.61764645576477,HAND_0,INDEX_FINGER_TIP,0.2199603021144867,0.4078122675418854,-0.09290708601474762,Left,
82,10.72434663772583,HAND_0,WRIST_HAND,0.4020457863807678,0.8230423331260681,6.297932486631908e-07,Left,
82,10.72434663772583,HAND_0,INDEX_FINGER_TIP,0.21830952167510986,0.4071108102798462,-0.09079892188310623,Left,
83,10.83500623703003,HAND_0,WRIST_HAND,0.3928992748260498,0.790258526802063,5.886724352421879e-07,Left,
83,10.83500623703003,HAND_0,INDEX_FINGER_TIP,0.22489231824874878,0.391396701335907,-0.08444008231163025,Left,
84,10.949726104736328,HAND_0,WRIST_HAND,0.394858181476593,0.7260921001434326,5.508032927536988e-07,Left,
84,10.949726104736328,HAND_0,INDEX_FINGER_TIP,0.24652549624443054,0.3476940989494324,-0.08262095600366592,Left,
85,11.050759077072144,HAND_0,WRIST_HAND,0.39890021085739136,0.6803248524665833,5.383201369113522e-07,Left,
85,11.050759077072144,HAND_0,INDEX_FINGER_TIP,0.2649325430393219,0.3172467350959778,-0.09070247411727905,Left,
86,11.157039642333984,HAND_0,WRIST_HAND,0.4122527539730072,0.6323630809783936,5.121672757013584e-07,Left,
86,11.157039642333984,HAND_0,INDEX_FINGER_TIP,0.28959256410598755,0.27721458673477173,-0.07627951353788376,Left,
87,11.265255451202393,HAND_0,WRIST_HAND,0.4142405390739441,0.6202429533004761,4.991977107238199e-07,Left,
87,11.265255451202393,HAND_0,INDEX_FINGER_TIP,0.2954135239124298,0.2666422724723816,-0.07205229997634888,Left,
88,11.373621225357056,HAND_0,WRIST_HAND,0.42930346727371216,0.5639927387237549,5.139534096088028e-07,Left,
88,11.373621225357056,HAND_0,INDEX_FINGER_TIP,0.32347118854522705,0.21801501512527466,-0.06903097033500671,Left,
89,11.483702182769775,HAND_0,WRIST_HAND,0.43807733058929443,0.5333970189094543,4.957114470016677e-07,Left,
89,11.483702182769775,HAND_0,INDEX_FINGER_TIP,0.3436950743198395,0.1951170265674591,-0.07342428714036942,Left,
90,11.594384670257568,HAND_0,WRIST_HAND,0.4411700367927551,0.5274844169616699,4.6315827262333187e-07,Left,
90,11.594384670257568,HAND_0,INDEX_FINGER_TIP,0.34687989950180054,0.1927642822265625,-0.0684642568230629,Left,
91,11.711763381958008,HAND_0,WRIST_HAND,0.44584447145462036,0.5250619053840637,4.5406292770167056e-07,Left,
91,11.711763381958008,HAND_0,INDEX_FINGER_TIP,0.35509949922561646,0.18823450803756714,-0.06021091714501381,Left,
92,11.8253812789917,HAND_0,WRIST_HAND,0.44862425327301025,0.520068883895874,4.3744375943788327e-07,Left,
92,11.8253812789917,HAND_0,INDEX_FINGER_TIP,0.35565441846847534,0.18956567347049713,-0.0670928880572319,Left,
93,11.936976909637451,HAND_0,WRIST_HAND,0.4525250792503357,0.5056079030036926,4.553482995106606e-07,Left,
93,11.936976909637451,HAND_0,INDEX_FINGER_TIP,0.3657178282737732,0.1822848618030548,-0.05875660106539726,Left,
94,12.049983739852905,HAND_0,WRIST_HAND,0.46051645278930664,0.478616327047348,4.417654508870328e-07,Left,
94,12.049983739852905,HAND_0,INDEX_FINGER_TIP,0.3778032064437866,0.16043616831302643,-0.061452023684978485,Left,
95,12.157872438430786,HAND_0,WRIST_HAND,0.4637300372123718,0.47269824147224426,4.2234137254126836e-07,Left,
95,12.157872438430786,HAND_0,INDEX_FINGER_TIP,0.38191038370132446,0.15556158125400543,-0.05958550050854683,Left,
96,12.261685848236084,HAND_0,WRIST_HAND,0.47902777791023254,0.4351122975349426,4.3793835402539116e-07,Left,
96,12.261685848236084,HAND_0,INDEX_FINGER_TIP,0.4041513204574585,0.12257422506809235,-0.05575743317604065,Left,
97,12.372276782989502,HAND_0,WRIST_HAND,0.4940475821495056,0.40331846475601196,4.2802068378478e-07,Left,
97,12.372276782989502,HAND_0,INDEX_FINGER_TIP,0.42787548899650574,0.09207996726036072,-0.05742798373103142,Left,
98,12.479433059692383,HAND_0,WRIST_HAND,0.5052036046981812,0.3847411274909973,4.3863298060387024e-07,Left,
98,12.479433059692383,HAND_0,INDEX_FINGER_TIP,0.4461178183555603,0.06965257227420807,-0.054597653448581696,Left,
99,12.58923864364624,HAND_0,WRIST_HAND,0.5150887370109558,0.37679988145828247,3.9736872281537217e-07,Left,
99,12.58923864364624,HAND_0,INDEX_FINGER_TIP,0.4537127912044525,0.059367597103118896,-0.05922229588031769,Left,
100,12.700726509094238,HAND_0,WRIST_HAND,0.516758143901825,0.36931759119033813,3.9676024243817665e-07,Left,
100,12.700726509094238,HAND_0,INDEX_FINGER_TIP,0.45346832275390625,0.054970309138298035,-0.0601758137345314,Left,
101,12.806884765625,HAND_0,WRIST_HAND,0.5278843641281128,0.341824471950531,4.3037718455707363e-07,Left,
101,12.806884765625,HAND_0,INDEX_FINGER_TIP,0.4709645211696625,0.033880218863487244,-0.058108340948820114,Left,
102,12.915894031524658,HAND_0,WRIST_HAND,0.5316885709762573,0.3401441276073456,4.05155816451952e-07,Left,
102,12.915894031524658,HAND_0,INDEX_FINGER_TIP,0.47648340463638306,0.0284128338098526,-0.05741626024246216,Left,
103,13.025642156600952,HAND_0,WRIST_HAND,0.5392616987228394,0.33066868782043457,4.211719044633355e-07,Left,
103,13.025642156600952,HAND_0,INDEX_FINGER_TIP,0.48955196142196655,0.015697479248046875,-0.04810518026351929,Left,
104,13.133364200592041,HAND_0,WRIST_HAND,0.5369465947151184,0.34438955783843994,4.2143338419009524e-07,Left,
104,13.133364200592041,HAND_0,INDEX_FINGER_TIP,0.4824334979057312,0.02349799871444702,-0.05420725420117378,Left,
105,13.246150493621826,HAND_0,WRIST_HAND,0.5347660779953003,0.3498803675174713,4.3542121375139686e-07,Left,
105,13.246150493621826,HAND_0,INDEX_FINGER_TIP,0.4736834764480591,0.03140248358249664,-0.059036608785390854,Left,
106,13.350704193115234,HAND_0,WRIST_HAND,0.5347246527671814,0.34281542897224426,5.112879080115817e-07,Left,
106,13.350704193115234,HAND_0,INDEX_FINGER_TIP,0.4621668756008148,0.008551612496376038,-0.06270840018987656,Left,
107,13.461184740066528,HAND_0,WRIST_HAND,0.534578800201416,0.34102320671081543,4.587337230077537e-07,Left,
107,13.461184740066528,HAND_0,INDEX_FINGER_TIP,0.4558013379573822,0.0031208842992782593,-0.06513452529907227,Left,
108,13.572693347930908,HAND_0,WRIST_HAND,0.5379061102867126,0.33427879214286804,4.946004992234521e-07,Left,
108,13.572693347930908,HAND_0,INDEX_FINGER_TIP,0.46548980474472046,-0.02193474769592285,-0.06274275481700897,Left,
109,13.67686152458191,HAND_0,WRIST_HAND,0.5371530652046204,0.33401140570640564,4.90836043809395e-07,Left,
109,13.67686152458191,HAND_0,INDEX_FINGER_TIP,0.46678847074508667,-0.023063719272613525,-0.06833385676145554,Left,
110,13.784435272216797,HAND_0,WRIST_HAND,0.530777096748352,0.3473273515701294,4.181656549917534e-07,Left,
110,13.784435272216797,HAND_0,INDEX_FINGER_TIP,0.45865753293037415,0.01800587773323059,-0.05424848571419716,Left,
111,13.890546083450317,HAND_0,WRIST_HAND,0.5302103757858276,0.354481041431427,3.962854009387229e-07,Left,
111,13.890546083450317,HAND_0,INDEX_FINGER_TIP,0.4585857689380646,0.028464749455451965,-0.06028732657432556,Left,
112,14.00165605545044,HAND_0,WRIST_HAND,0.5204427242279053,0.39801764488220215,2.941106913567637e-07,Left,
112,14.00165605545044,HAND_0,INDEX_FINGER_TIP,0.45182961225509644,0.09139548987150192,-0.05725937709212303,Left,
113,14.111409664154053,HAND_0,WRIST_HAND,0.5201272368431091,0.44682300090789795,2.515145069992286e-07,Left,
113,14.111409664154053,HAND_0,INDEX_FINGER_TIP,0.4544396698474884,0.16694241762161255,-0.06296451389789581,Left,
114,14.222902297973633,HAND_0,WRIST_HAND,0.5332990884780884,0.4927601218223572,2.267594538807316e-07,Left,
114,14.222902297973633,HAND_0,INDEX_FINGER_TIP,0.46801498532295227,0.22342661023139954,-0.05456679314374924,Left,
115,14.333790302276611,HAND_0,WRIST_HAND,0.5392624139785767,0.504718005657196,3.1448351478502445e-07,Left,
115,14.333790302276611,HAND_0,INDEX_FINGER_TIP,0.47115328907966614,0.23441515862941742,-0.047241006046533585,Left,
116,14.438807725906372,HAND_0,WRIST_HAND,0.5509853959083557,0.5171396732330322,2.472907851824857e-07,Left,
116,14.438807725906372,HAND_0,INDEX_FINGER_TIP,0.49060583114624023,0.26072078943252563,-0.04808337241411209,Left,
117,14.54784870147705,HAND_0,WRIST_HAND,0.5630196332931519,0.5200217366218567,2.5026835714925255e-07,Left,
117,14.54784870147705,HAND_0,INDEX_FINGER_TIP,0.5031304359436035,0.27156034111976624,-0.04612963646650314,Left,
118,14.657088279724121,HAND_0,WRIST_HAND,0.5701125860214233,0.5141543745994568,2.8197072765578923e-07,Left,
118,14.657088279724121,HAND_0,INDEX_FINGER_TIP,0.5105267763137817,0.2685443162918091,-0.044428322464227676,Left,
119,14.764000415802002,HAND_0,WRIST_HAND,0.5715599060058594,0.5047875642776489,2.923431452472869e-07,Left,
119,14.764000415802002,HAND_0,INDEX_FINGER_TIP,0.5164942741394043,0.2620451748371124,-0.0419490784406662,Left,
120,14.873754262924194,HAND_0,WRIST_HAND,0.5725327730178833,0.5000721216201782,2.718573739457497e-07,Left,
120,14.873754262924194,HAND_0,INDEX_FINGER_TIP,0.5186464190483093,0.2588326930999756,-0.043390411883592606,Left,
121,14.986931800842285,HAND_0,WRIST_HAND,0.5870528221130371,0.48294317722320557,2.8154175879535615e-07,Left,
121,14.986931800842285,HAND_0,INDEX_FINGER_TIP,0.5379184484481812,0.24647118151187897,-0.04856269061565399,Left,
122,15.092772722244263,HAND_0,WRIST_HAND,0.5967050790786743,0.4712539613246918,2.812730315326917e-07,Left,
122,15.092772722244263,HAND_0,INDEX_FINGER_TIP,0.5554636120796204,0.23755553364753723,-0.04318339005112648,Left,
123,15.200873851776123,HAND_0,WRIST_HAND,0.606812596321106,0.4574384391307831,2.674537711300218e-07,Left,
123,15.200873851776123,HAND_0,INDEX_FINGER_TIP,0.5673073530197144,0.22787198424339294,-0.042315270751714706,Left,
124,15.308618783950806,HAND_0,WRIST_HAND,0.6078342795372009,0.4577449560165405,2.6187680646216904e-07,Left,
124,15.308618783950806,HAND_0,INDEX_FINGER_TIP,0.5681331157684326,0.22588945925235748,-0.0460786297917366,Left,
125,15.417203187942505,HAND_0,WRIST_HAND,0.6085545420646667,0.45389387011528015,2.5354455601700465e-07,Left,
125,15.417203187942505,HAND_0,INDEX_FINGER_TIP,0.5716409683227539,0.22311300039291382,-0.043630506843328476,Left,
126,15.528637886047363,HAND_0,WRIST_HAND,0.6068485975265503,0.4594154357910156,2.676623580555315e-07,Left,
126,15.528637886047363,HAND_0,INDEX_FINGER_TIP,0.5695050954818726,0.22333791851997375,-0.03923213109374046,Left,
127,15.636765480041504,HAND_0,WRIST_HAND,0.6023615598678589,0.46555572748184204,2.8738864443766943e-07,Left,
127,15.636765480041504,HAND_0,INDEX_FINGER_TIP,0.5646202564239502,0.22960826754570007,-0.04171406477689743,Left,
128,15.744685888290405,HAND_0,WRIST_HAND,0.5974790453910828,0.4718717336654663,2.889667314320832e-07,Left,
128,15.744685888290405,HAND_0,INDEX_FINGER_TIP,0.5593321323394775,0.23417121171951294,-0.04344017803668976,Left,
129,15.854578256607056,HAND_0,WRIST_HAND,0.588324248790741,0.4795931875705719,2.9261391887303034e-07,Left,
129,15.854578256607056,HAND_0,INDEX_FINGER_TIP,0.5463906526565552,0.24317815899848938,-0.04597107321023941,Left,
130,15.96141791343689,HAND_0,WRIST_HAND,0.5829114317893982,0.4831630289554596,2.886443439820141e-07,Left,
130,15.96141791343689,HAND_0,INDEX_FINGER_TIP,0.5382516384124756,0.2459823191165924,-0.04347369074821472,Left,
131,16.069899559020996,HAND_0,WRIST_HAND,0.5778184533119202,0.4806694984436035,2.882948990645673e-07,Left,
131,16.069899559020996,HAND_0,INDEX_FINGER_TIP,0.5327703356742859,0.24561969935894012,-0.044792648404836655,Left,
132,16.17766237258911,HAND_0,WRIST_HAND,0.5754430890083313,0.4834025502204895,2.907704299559555e-07,Left,
132,16.17766237258911,HAND_0,INDEX_FINGER_TIP,0.5302385687828064,0.2472863793373108,-0.04619542509317398,Left,
133,16.28755831718445,HAND_0,WRIST_HAND,0.562436044216156,0.491993248462677,2.738679256708565e-07,Left,
133,16.28755831718445,HAND_0,INDEX_FINGER_TIP,0.5178410410881042,0.2568071186542511,-0.04168474301695824,Left,
134,16.39343810081482,HAND_0,WRIST_HAND,0.5326184630393982,0.5076465606689453,3.211210355402727e-07,Left,
134,16.39343810081482,HAND_0,INDEX_FINGER_TIP,0.4886346459388733,0.2684926986694336,-0.043101824820041656,Left,
135,16.502039670944214,HAND_0,WRIST_HAND,0.49770307540893555,0.5191340446472168,3.3893380191329925e-07,Left,
135,16.502039670944214,HAND_0,INDEX_FINGER_TIP,0.4536944627761841,0.28039270639419556,-0.04352745786309242,Left,
136,16.615532159805298,HAND_0,WRIST_HAND,0.4922022819519043,0.5206544995307922,2.6608100256453326e-07,Left,
136,16.615532159805298,HAND_0,INDEX_FINGER_TIP,0.4480970501899719,0.28336548805236816,-0.04873263090848923,Left,
137,16.723645448684692,HAND_0,WRIST_HAND,0.4577506482601166,0.5303463339805603,3.4548762073427497e-07,Left,
137,16.723645448684692,HAND_0,INDEX_FINGER_TIP,0.4147794842720032,0.29440173506736755,-0.044885460287332535,Left,
138,16.823883056640625,HAND_0,WRIST_HAND,0.43290895223617554,0.536080002784729,3.2242266456705693e-07,Left,
138,16.823883056640625,HAND_0,INDEX_FINGER_TIP,0.3905111253261566,0.30292466282844543,-0.04620795696973801,Left,
139,16.933325052261353,HAND_0,WRIST_HAND,0.4282180070877075,0.5391852855682373,2.800543654757348e-07,Left,
139,16.933325052261353,HAND_0,INDEX_FINGER_TIP,0.3844478726387024,0.30549031496047974,-0.04786008968949318,Left,
140,17.043910264968872,HAND_0,WRIST_HAND,0.425865113735199,0.5403693914413452,2.813800676904066e-07,Left,
140,17.043910264968872,HAND_0,INDEX_FINGER_TIP,0.38141384720802307,0.30755627155303955,-0.04911607503890991,Left,
141,17.151491403579712,HAND_0,WRIST_HAND,0.4188421368598938,0.5462239384651184,2.809219381560979e-07,Left,
141,17.151491403579712,HAND_0,INDEX_FINGER_TIP,0.3761742115020752,0.31523412466049194,-0.047147516161203384,Left,
142,17.265875577926636,HAND_0,WRIST_HAND,0.39976754784584045,0.5698736906051636,2.9152602110116277e-07,Left,
142,17.265875577926636,HAND_0,INDEX_FINGER_TIP,0.35430654883384705,0.3332756757736206,-0.04842957854270935,Left,
143,17.369532823562622,HAND_0,WRIST_HAND,0.38973042368888855,0.5747433304786682,2.755804757725855e-07,Left,
143,17.369532823562622,HAND_0,INDEX_FINGER_TIP,0.3400816023349762,0.3433070182800293,-0.05021826550364494,Left,
144,17.477291107177734,HAND_0,WRIST_HAND,0.36607488989830017,0.5769456028938293,3.665162182642234e-07,Left,
144,17.477291107177734,HAND_0,INDEX_FINGER_TIP,0.31066280603408813,0.3379404842853546,-0.049779582768678665,Left,
145,17.58986783027649,HAND_0,WRIST_HAND,0.34995967149734497,0.5652044415473938,3.532600487687887e-07,Left,
145,17.58986783027649,HAND_0,INDEX_FINGER_TIP,0.286216676235199,0.3274977207183838,-0.05032326653599739,Left,
146,17.70479989051819,HAND_0,WRIST_HAND,0.3165440857410431,0.5526801347732544,4.561002810987702e-07,Left,
146,17.70479989051819,HAND_0,INDEX_FINGER_TIP,0.25186464190483093,0.30303850769996643,-0.05178503692150116,Left,
147,17.80923628807068,HAND_0,WRIST_HAND,0.28837156295776367,0.537885308265686,4.381057010505174e-07,Left,
147,17.80923628807068,HAND_0,INDEX_FINGER_TIP,0.21923062205314636,0.2834416627883911,-0.055616892874240875,Left,
148,17.919773817062378,HAND_0,WRIST_HAND,0.28213784098625183,0.5349290370941162,3.537762722771731e-07,Left,
148,17.919773817062378,HAND_0,INDEX_FINGER_TIP,0.21168270707130432,0.2775011658668518,-0.06457952409982681,Left,
149,18.025876998901367,HAND_0,WRIST_HAND,0.25124502182006836,0.5166347026824951,4.537692461781262e-07,Left,
149,18.025876998901367,HAND_0,INDEX_FINGER_TIP,0.1834719479084015,0.2556907534599304,-0.05236958712339401,Left,
150,18.131616592407227,HAND_0,WRIST_HAND,0.22413964569568634,0.5005854368209839,4.5427373152051587e-07,Left,
150,18.131616592407227,HAND_0,INDEX_FINGER_TIP,0.1545296311378479,0.23014678061008453,-0.06359977275133133,Left,
151,18.24493670463562,HAND_0,WRIST_HAND,0.19176223874092102,0.47973817586898804,4.846890533372061e-07,Left,
151,18.24493670463562,HAND_0,INDEX_FINGER_TIP,0.12045600265264511,0.20120224356651306,-0.06480572372674942,Left,
152,18.353588819503784,HAND_0,WRIST_HAND,0.18346770107746124,0.4764164686203003,3.9667889950578683e-07,Left,
152,18.353588819503784,HAND_0,INDEX_FINGER_TIP,0.11114975810050964,0.1956203579902649,-0.06654766201972961,Left,
153,18.463366746902466,HAND_0,WRIST_HAND,0.14063777029514313,0.46552008390426636,4.451086681456218e-07,Left,
153,18.463366746902466,HAND_0,INDEX_FINGER_TIP,0.06444316357374191,0.18004608154296875,-0.07992570847272873,Left,
154,18.625948905944824,POSE,LEFT_SHOULDER,1.2198508977890015,0.8987195491790771,-0.36891818046569824,,0.9894644021987915
154,18.625948905944824,POSE,RIGHT_SHOULDER,0.6896868944168091,0.8770871758460999,-0.4774681031703949,,0.9993496537208557
154,18.625948905944824,POSE,LEFT_ELBOW,1.3132761716842651,1.3393651247024536,-0.18427492678165436,,0.6989148855209351
154,18.625948905944824,POSE,RIGHT_ELBOW,0.3415665626525879,0.8792684078216553,-0.755448579788208,,0.9308524131774902
154,18.625948905944824,POSE,RIGHT_WRIST_POSE,0.09826433658599854,0.4592088460922241,-1.183513879776001,,0.8710319399833679
154,18.625948905944824,HAND_0,WRIST_HAND,0.07708034664392471,0.4782552123069763,5.059776526650239e-07,Left,
154,18.625948905944824,HAND_0,INDEX_FINGER_TIP,-0.003794938325881958,0.17028766870498657,-0.04852485656738281,Left,
155,18.75090980529785,POSE,LEFT_SHOULDER,1.0569274425506592,0.8935419321060181,-0.049255818128585815,,0.9756190180778503
155,18.75090980529785,POSE,RIGHT_SHOULDER,0.6497288346290588,0.8683913350105286,-0.18453124165534973,,0.9989233613014221
155,18.75090980529785,POSE,LEFT_ELBOW,1.2081973552703857,1.095712423324585,0.3913692831993103,,0.6475521326065063
155,18.75090980529785,POSE,RIGHT_ELBOW,0.3050645887851715,0.842858612537384,-0.3729361593723297,,0.93638676404953
155,18.75090980529785,POSE,RIGHT_WRIST_POSE,0.05729479342699051,0.4641551971435547,-0.702569842338562,,0.8829224109649658
156,18.843844890594482,POSE,LEFT_SHOULDER,1.078886866569519,0.8957950472831726,-0.17423094809055328,,0.9285786151885986
156,18.843844890594482,POSE,RIGHT_SHOULDER,0.6466926336288452,0.8798885941505432,-0.28454717993736267,,0.9964816570281982
156,18.843844890594482,POSE,LEFT_ELBOW,1.1997575759887695,0.8327386975288391,-0.2840479016304016,,0.6091185212135315
156,18.843844890594482,POSE,RIGHT_ELBOW,0.2892412841320038,0.8445513844490051,-0.5353169441223145,,0.9389723539352417
156,18.843844890594482,POSE,RIGHT_WRIST_POSE,0.04718143865466118,0.47216498851776123,-0.9314538240432739,,0.8902780413627625
157,18.939279794692993,POSE,LEFT_SHOULDER,1.0187036991119385,0.8920745253562927,-0.2201322764158249,,0.8806789517402649
157,18.939279794692993,POSE,RIGHT_SHOULDER,0.6304759979248047,0.8884683847427368,-0.3722820580005646,,0.9946345686912537
157,18.939279794692993,POSE,LEFT_ELBOW,1.1893669366836548,0.8597248792648315,-0.2165384590625763,,0.5675364136695862
157,18.939279794692993,POSE,RIGHT_ELBOW,0.27149084210395813,0.8545984029769897,-0.7431002259254456,,0.9426342248916626
157,18.939279794692993,POSE,RIGHT_WRIST_POSE,0.031661808490753174,0.47560960054397583,-1.2706828117370605,,0.8982504606246948
158,19.030182123184204,POSE,LEFT_SHOULDER,0.9897913932800293,0.8908766508102417,-0.1963104009628296,,0.8316828012466431
158,19.030182123184204,POSE,RIGHT_SHOULDER,0.6255546808242798,0.8947392106056213,-0.38725343346595764,,0.9915313124656677
158,19.030182123184204,POSE,LEFT_ELBOW,1.1406245231628418,0.8247939944267273,-0.20188763737678528,,0.5260209441184998
158,19.030182123184204,POSE,RIGHT_ELBOW,0.26477333903312683,0.8555562496185303,-0.81367027759552,,0.9442958235740662
158,19.030182123184204,POSE,RIGHT_WRIST_POSE,0.024180632084608078,0.4901319742202759,-1.3750793933868408,,0.9038673043251038
159,19.125115156173706,POSE,LEFT_SHOULDER,0.9827066659927368,0.8862127661705017,-0.20207269489765167,,0.8076371550559998
159,19.125115156173706,POSE,RIGHT_SHOULDER,0.6211681365966797,0.8972479104995728,-0.3833344280719757,,0.9894818067550659
159,19.125115156173706,POSE,RIGHT_ELBOW,0.26339206099510193,0.8797118067741394,-0.7464519143104553,,0.9440473318099976
159,19.125115156173706,POSE,RIGHT_WRIST_POSE,0.028610050678253174,0.5114737153053284,-1.2308857440948486,,0.9080678224563599
160,19.220792531967163,POSE,LEFT_SHOULDER,0.9786707162857056,0.8775482177734375,-0.33225828409194946,,0.8078196048736572
160,19.220792531967163,POSE,RIGHT_SHOULDER,0.6000756025314331,0.8990716934204102,-0.30309659242630005,,0.9893227815628052
160,19.220792531967163,POSE,RIGHT_ELBOW,0.2612937390804291,0.8988105654716492,-0.6648999452590942,,0.9411670565605164
160,19.220792531967163,POSE,RIGHT_WRIST_POSE,0.032843731343746185,0.604434072971344,-1.2587051391601562,,0.9056550860404968
161,19.309630393981934,POSE,LEFT_SHOULDER,0.9619610905647278,0.8729930520057678,-0.22067859768867493,,0.8093231916427612
161,19.309630393981934,POSE,RIGHT_SHOULDER,0.5827757120132446,0.8997617959976196,-0.2903026044368744,,0.9888887405395508
161,19.309630393981934,POSE,RIGHT_ELBOW,0.2554345726966858,0.8978440165519714,-0.6094778776168823,,0.9374426007270813
161,19.309630393981934,POSE,RIGHT_WRIST_POSE,0.03514759615063667,0.6347248554229736,-1.1374772787094116,,0.9014308452606201
162,19.40171480178833,POSE,LEFT_SHOULDER,0.9894755482673645,0.8732017874717712,-0.34246915578842163,,0.8087789416313171
162,19.40171480178833,POSE,RIGHT_SHOULDER,0.5803934335708618,0.905396044254303,-0.2567034363746643,,0.9870079159736633
162,19.40171480178833,POSE,RIGHT_ELBOW,0.25017157196998596,0.8998593091964722,-0.39985430240631104,,0.9383765459060669
162,19.40171480178833,POSE,RIGHT_WRIST_POSE,0.015377652831375599,0.645879864692688,-0.8524652719497681,,0.9008099436759949
163,19.499943017959595,POSE,LEFT_SHOULDER,0.9914251565933228,0.873208224773407,-0.35514649748802185,,0.8174132108688354
163,19.499943017959595,POSE,RIGHT_SHOULDER,0.57612144947052,0.9051427245140076,-0.2752978205680847,,0.9868193864822388
163,19.499943017959595,POSE,RIGHT_ELBOW,0.23960164189338684,0.9037856459617615,-0.4318132996559143,,0.9413490295410156
163,19.499943017959595,POSE,RIGHT_WRIST_POSE,0.019706659018993378,0.6248539686203003,-0.809445858001709,,0.9032546877861023
164,19.59101414680481,POSE,LEFT_SHOULDER,1.0002609491348267,0.8708211779594421,-0.24989862740039825,,0.824108362197876
164,19.59101414680481,POSE,RIGHT_SHOULDER,0.5821646451950073,0.906811535358429,-0.2868955731391907,,0.987533688545227
164,19.59101414680481,POSE,RIGHT_ELBOW,0.23858818411827087,0.9038523435592651,-0.5695552229881287,,0.945205807685852
164,19.59101414680481,POSE,RIGHT_WRIST_POSE,0.016501374542713165,0.6121067404747009,-1.1548638343811035,,0.9084007740020752
165,19.69058084487915,POSE,LEFT_SHOULDER,0.9910808801651001,0.8722794651985168,-0.040805913507938385,,0.8353146910667419
165,19.69058084487915,POSE,RIGHT_SHOULDER,0.5737869143486023,0.907748281955719,-0.35106009244918823,,0.9884621500968933
165,19.69058084487915,POSE,RIGHT_ELBOW,0.23277339339256287,0.9037534594535828,-0.7798799872398376,,0.9485707879066467
165,19.69058084487915,POSE,RIGHT_WRIST_POSE,0.014626328833401203,0.5441450476646423,-1.3530031442642212,,0.9155791401863098
166,19.78128981590271,POSE,LEFT_SHOULDER,0.9758366346359253,0.8724040389060974,0.0305235143750906,,0.8403003811836243
166,19.78128981590271,POSE,RIGHT_SHOULDER,0.5779120922088623,0.9070718288421631,-0.3589881658554077,,0.988950788974762
166,19.78128981590271,POSE,RIGHT_ELBOW,0.23640096187591553,0.8955310583114624,-0.7481783032417297,,0.9522663354873657
166,19.78128981590271,POSE,RIGHT_WRIST_POSE,0.015029137022793293,0.5251197218894958,-1.2521365880966187,,0.9223213791847229
167,19.905203104019165,POSE,LEFT_SHOULDER,0.9833029508590698,0.8815175890922546,-0.04183923825621605,,0.8223276138305664
167,19.905203104019165,POSE,RIGHT_SHOULDER,0.5974701046943665,0.9087544083595276,-0.3762359917163849,,0.9886006116867065
167,19.905203104019165,POSE,RIGHT_ELBOW,0.2498932182788849,0.8885643482208252,-0.721502423286438,,0.9556697607040405
167,19.905203104019165,POSE,RIGHT_WRIST_POSE,0.03433931618928909,0.4921497106552124,-1.2167985439300537,,0.9276931881904602
167,19.905203104019165,HAND_0,WRIST_HAND,0.05553361773490906,0.5431256294250488,4.6385494556488993e-07,Left,
167,19.905203104019165,HAND_0,INDEX_FINGER_TIP,-0.027522480115294456,0.24367696046829224,-0.03934619948267937,Left,
168,20.02366805076599,POSE,LEFT_SHOULDER,1.0567705631256104,0.9157812595367432,-0.23572871088981628,,0.7851172089576721
168,20.02366805076599,POSE,RIGHT_SHOULDER,0.6153937578201294,0.9152724146842957,-0.37221062183380127,,0.9868940711021423
168,20.02366805076599,POSE,RIGHT_ELBOW,0.2689155042171478,0.8852258324623108,-0.7092779874801636,,0.9575172066688538
168,20.02366805076599,POSE,RIGHT_WRIST_POSE,0.08358871191740036,0.48602139949798584,-1.2415168285369873,,0.9317323565483093
168,20.02366805076599,HAND_0,WRIST_HAND,0.08889345824718475,0.5362763404846191,4.5707943741035706e-07,Left,
168,20.02366805076599,HAND_0,INDEX_FINGER_TIP,0.0043555740267038345,0.2270672619342804,-0.07392415404319763,Left,
169,20.153920650482178,POSE,LEFT_SHOULDER,1.0873358249664307,0.9309602975845337,-0.2619841396808624,,0.7570589184761047
169,20.153920650482178,POSE,RIGHT_SHOULDER,0.6255970597267151,0.9207579493522644,-0.3718331754207611,,0.9859001040458679
169,20.153920650482178,POSE,RIGHT_ELBOW,0.2754771113395691,0.8853605389595032,-0.7052395939826965,,0.9596662521362305
169,20.153920650482178,POSE,RIGHT_WRIST_POSE,0.10295494645833969,0.47952696681022644,-1.239911675453186,,0.9362969994544983
169,20.153920650482178,HAND_0,WRIST_HAND,0.10352501273155212,0.5378556251525879,4.004951961178449e-07,Left,
169,20.153920650482178,HAND_0,INDEX_FINGER_TIP,0.0075686536729335785,0.2273375540971756,-0.07340691983699799,Left,
170,20.273983001708984,POSE,LEFT_SHOULDER,1.0983476638793945,0.9518492221832275,-0.2525717616081238,,0.7259168028831482
170,20.273983001708984,POSE,RIGHT_SHOULDER,0.6446858644485474,0.9212031960487366,-0.34958967566490173,,0.9848175644874573
170,20.273983001708984,POSE,RIGHT_ELBOW,0.3112149238586426,0.896351158618927,-0.6798639893531799,,0.9621275067329407
170,20.273983001708984,POSE,RIGHT_WRIST_POSE,0.14106056094169617,0.48918741941452026,-1.1526978015899658,,0.9412351846694946
170,20.273983001708984,HAND_0,WRIST_HAND,0.14915797114372253,0.5315871238708496,3.4841193041756924e-07,Left,
170,20.273983001708984,HAND_0,INDEX_FINGER_TIP,0.06017260253429413,0.2175459861755371,-0.1040579304099083,Left,
171,20.402679204940796,POSE,LEFT_SHOULDER,1.111579179763794,0.9569064378738403,-0.24723955988883972,,0.6903185248374939
171,20.402679204940796,POSE,RIGHT_SHOULDER,0.6705285310745239,0.9225674271583557,-0.31465089321136475,,0.9826342463493347
171,20.402679204940796,POSE,RIGHT_ELBOW,0.33083850145339966,0.9015982151031494,-0.6410177946090698,,0.9630956649780273
171,20.402679204940796,POSE,RIGHT_WRIST_POSE,0.16180162131786346,0.489930123090744,-1.1155179738998413,,0.9454873204231262
171,20.402679204940796,HAND_0,WRIST_HAND,0.17152675986289978,0.5290527939796448,3.716033631917526e-07,Left,
171,20.402679204940796,HAND_0,INDEX_FINGER_TIP,0.09000935405492783,0.20952089130878448,-0.08998417854309082,Left,
172,20.527254343032837,POSE,LEFT_SHOULDER,1.113052487373352,0.9765381217002869,-0.15927253663539886,,0.6692144274711609
172,20.527254343032837,POSE,RIGHT_SHOULDER,0.669953465461731,0.9228292107582092,-0.3498099446296692,,0.9829176664352417
172,20.527254343032837,POSE,RIGHT_ELBOW,0.3392329514026642,0.9013344049453735,-0.729744553565979,,0.9658406972885132
172,20.527254343032837,POSE,RIGHT_WRIST_POSE,0.1746019721031189,0.4936506450176239,-1.1821870803833008,,0.9501450657844543
172,20.527254343032837,HAND_0,WRIST_HAND,0.17775999009609222,0.5264527201652527,4.1340044276694243e-07,Left,
172,20.527254343032837,HAND_0,INDEX_FINGER_TIP,0.09575721621513367,0.20417533814907074,-0.08498929440975189,Left,
173,20.64772629737854,POSE,LEFT_SHOULDER,1.1217988729476929,0.9809093475341797,-0.1082826629281044,,0.669341504573822
173,20.64772629737854,POSE,RIGHT_SHOULDER,0.6649920344352722,0.9226047396659851,-0.3235751688480377,,0.9840995669364929
173,20.64772629737854,POSE,RIGHT_ELBOW,0.3346720337867737,0.9043560028076172,-0.6218503713607788,,0.9688166975975037
173,20.64772629737854,POSE,RIGHT_WRIST_POSE,0.173908993601799,0.49676185846328735,-1.0364081859588623,,0.9548051357269287
173,20.64772629737854,HAND_0,WRIST_HAND,0.17815089225769043,0.5297579765319824,4.157825799211423e-07,Left,
173,20.64772629737854,HAND_0,INDEX_FINGER_TIP,0.09508363902568817,0.20265831053256989,-0.08406616002321243,Left,
174,20.771265506744385,POSE,LEFT_SHOULDER,1.1259467601776123,0.990902841091156,-0.11713528633117676,,0.6946829557418823
174,20.771265506744385,POSE,RIGHT_SHOULDER,0.6691392660140991,0.9215408563613892,-0.21217063069343567,,0.9855469465255737
174,20.771265506744385,POSE,RIGHT_ELBOW,0.3342369496822357,0.9031239151954651,-0.3684094548225403,,0.9713712930679321
174,20.771265506744385,POSE,RIGHT_WRIST_POSE,0.16958190500736237,0.49745386838912964,-0.8061959147453308,,0.9590858817100525
174,20.771265506744385,HAND_0,WRIST_HAND,0.17764930427074432,0.5285006761550903,4.1060746980292606e-07,Left,
174,20.771265506744385,HAND_0,INDEX_FINGER_TIP,0.09551557153463364,0.2037731409072876,-0.09066664427518845,Left,
175,20.896857023239136,POSE,LEFT_SHOULDER,1.1304149627685547,0.999514639377594,-0.09323815256357193,,0.7095639109611511
175,20.896857023239136,POSE,RIGHT_SHOULDER,0.6741865873336792,0.9215837717056274,-0.22780399024486542,,0.9867020845413208
175,20.896857023239136,POSE,RIGHT_ELBOW,0.34084275364875793,0.9029610753059387,-0.47493571043014526,,0.9738761186599731
175,20.896857023239136,POSE,RIGHT_WRIST_POSE,0.18205124139785767,0.49886804819107056,-0.9426668882369995,,0.9628852605819702
175,20.896857023239136,HAND_0,WRIST_HAND,0.17740382254123688,0.529150128364563,4.121118593047868e-07,Left,
175,20.896857023239136,HAND_0,INDEX_FINGER_TIP,0.0961989164352417,0.20628288388252258,-0.09010292589664459,Left,
176,21.018019437789917,POSE,LEFT_SHOULDER,1.131370186805725,0.994933009147644,-0.15976282954216003,,0.7162863612174988
176,21.018019437789917,POSE,RIGHT_SHOULDER,0.6764817237854004,0.9217339754104614,-0.23147380352020264,,0.9875184297561646
176,21.018019437789917,POSE,RIGHT_ELBOW,0.34044450521469116,0.9028692841529846,-0.5199179649353027,,0.9757778644561768
176,21.018019437789917,POSE,RIGHT_WRIST_POSE,0.1857403814792633,0.4994421601295471,-0.9730150103569031,,0.9662491083145142
176,21.018019437789917,HAND_0,WRIST_HAND,0.17695045471191406,0.5393968224525452,4.0443532611789124e-07,Left,
176,21.018019437789917,HAND_0,INDEX_FINGER_TIP,0.10080353915691376,0.21392209827899933,-0.08503798395395279,Left,
177,21.148930311203003,POSE,LEFT_SHOULDER,1.1282567977905273,0.9945545196533203,-0.13036462664604187,,0.7331085205078125
177,21.148930311203003,POSE,RIGHT_SHOULDER,0.677142322063446,0.9185447096824646,-0.23784029483795166,,0.9884685277938843
177,21.148930311203003,POSE,RIGHT_ELBOW,0.350411593914032,0.9072670340538025,-0.5432451963424683,,0.9773104786872864
177,21.148930311203003,POSE,RIGHT_WRIST_POSE,0.20789237320423126,0.5167267918586731,-1.0567387342453003,,0.969295084476471
177,21.148930311203003,HAND_0,WRIST_HAND,0.1932070255279541,0.5521480441093445,3.7231947658256104e-07,Left,
177,21.148930311203003,HAND_0,INDEX_FINGER_TIP,0.12240764498710632,0.22477607429027557,-0.08247697353363037,Left,
178,21.272624731063843,POSE,LEFT_SHOULDER,1.126643180847168,0.9923828840255737,-0.14985354244709015,,0.7492282390594482
178,21.272624731063843,POSE,RIGHT_SHOULDER,0.6767613887786865,0.9183338284492493,-0.21162450313568115,,0.9893395900726318
178,21.272624731063843,POSE,RIGHT_ELBOW,0.35538211464881897,0.9344914555549622,-0.5230218172073364,,0.9770274758338928
178,21.272624731063843,POSE,RIGHT_WRIST_POSE,0.23440933227539062,0.5491530299186707,-1.1560070514678955,,0.9717254042625427
178,21.272624731063843,HAND_0,WRIST_HAND,0.2228974997997284,0.5789997577667236,3.374571519998426e-07,Left,
178,21.272624731063843,HAND_0,INDEX_FINGER_TIP,0.17719686031341553,0.2431383728981018,-0.07453978061676025,Left,
179,21.396654844284058,POSE,LEFT_SHOULDER,1.145593285560608,0.9884403944015503,-0.1822057068347931,,0.7715411186218262
179,21.396654844284058,POSE,RIGHT_SHOULDER,0.6769043803215027,0.9158049821853638,-0.2302982062101364,,0.9903268218040466
179,21.396654844284058,POSE,RIGHT_ELBOW,0.36221906542778015,0.9562392830848694,-0.5866914987564087,,0.9777898192405701
179,21.396654844284058,POSE,RIGHT_WRIST_POSE,0.2564108967781067,0.5865310430526733,-1.4640469551086426,,0.9741780161857605
179,21.396654844284058,HAND_0,WRIST_HAND,0.25404489040374756,0.6164270043373108,3.3101161989179673e-07,Left,
179,21.396654844284058,HAND_0,INDEX_FINGER_TIP,0.21892127394676208,0.271811842918396,-0.07727199047803879,Left,
180,21.523908376693726,POSE,LEFT_SHOULDER,1.1427093744277954,0.982871949672699,-0.22634489834308624,,0.7773740887641907
180,21.523908376693726,POSE,RIGHT_SHOULDER,0.6797365546226501,0.914420485496521,-0.2145337611436844,,0.9909284114837646
180,21.523908376693726,POSE,RIGHT_ELBOW,0.38158759474754333,0.9866679310798645,-0.506921648979187,,0.9781507253646851
180,21.523908376693726,POSE,RIGHT_WRIST_POSE,0.27471938729286194,0.6485178470611572,-1.2278581857681274,,0.9759202599525452
180,21.523908376693726,HAND_0,WRIST_HAND,0.271062433719635,0.6460225582122803,3.4342338040005416e-07,Left,
180,21.523908376693726,HAND_0,INDEX_FINGER_TIP,0.24625234305858612,0.2970149517059326,-0.06633976101875305,Left,
181,21.647510528564453,POSE,LEFT_SHOULDER,1.1435368061065674,0.9819530844688416,-0.24620075523853302,,0.7844218611717224
181,21.647510528564453,POSE,RIGHT_SHOULDER,0.6902167797088623,0.9161044359207153,-0.2281343936920166,,0.991518497467041
181,21.647510528564453,POSE,RIGHT_ELBOW,0.41018715500831604,1.0143994092941284,-0.6132274270057678,,0.9778857231140137
181,21.647510528564453,POSE,RIGHT_WRIST_POSE,0.2851368188858032,0.6826651692390442,-1.4465429782867432,,0.9776748418807983
181,21.647510528564453,HAND_0,WRIST_HAND,0.2785091996192932,0.6595479249954224,3.881567351982085e-07,Left,
181,21.647510528564453,HAND_0,INDEX_FINGER_TIP,0.2501677870750427,0.310444176197052,-0.0688515231013298,Left,
182,21.770796537399292,POSE,LEFT_SHOULDER,1.1419328451156616,0.982011079788208,-0.17333991825580597,,0.7960243821144104
182,21.770796537399292,POSE,RIGHT_SHOULDER,0.6887625455856323,0.9187383651733398,-0.2359875738620758,,0.9921362400054932
182,21.770796537399292,POSE,RIGHT_ELBOW,0.40709981322288513,1.0183604955673218,-0.6766257286071777,,0.9767494797706604
182,21.770796537399292,POSE,RIGHT_WRIST_POSE,0.28301432728767395,0.6904727816581726,-1.4951988458633423,,0.9789019823074341
182,21.770796537399292,HAND_0,WRIST_HAND,0.2778462767601013,0.6601009368896484,4.196477902951301e-07,Left,
182,21.770796537399292,HAND_0,INDEX_FINGER_TIP,0.24900901317596436,0.313956618309021,-0.06735668331384659,Left,
183,21.88968014717102,POSE,LEFT_SHOULDER,1.1417125463485718,0.976545512676239,-0.13705669343471527,,0.8130863308906555
183,21.88968014717102,POSE,RIGHT_SHOULDER,0.6817213892936707,0.9202824831008911,-0.18582740426063538,,0.9927955269813538
183,21.88968014717102,POSE,RIGHT_ELBOW,0.4019641876220703,1.018904447555542,-0.6538556814193726,,0.9744246006011963
183,21.88968014717102,POSE,RIGHT_WRIST_POSE,0.28163617849349976,0.7021543383598328,-1.5121331214904785,,0.9800549149513245
183,21.88968014717102,HAND_0,WRIST_HAND,0.26959893107414246,0.6605569124221802,4.33611006656065e-07,Left,
183,21.88968014717102,HAND_0,INDEX_FINGER_TIP,0.23951931297779083,0.31142687797546387,-0.0695628970861435,Left,
184,22.011773586273193,POSE,LEFT_SHOULDER,1.064972162246704,0.9565799236297607,-0.14498263597488403,,0.8192981481552124
184,22.011773586273193,POSE,RIGHT_SHOULDER,0.6770817637443542,0.9256538152694702,-0.19339610636234283,,0.9930157661437988
184,22.011773586273193,POSE,RIGHT_ELBOW,0.3983246982097626,1.0265278816223145,-0.6908813714981079,,0.9719318151473999
184,22.011773586273193,POSE,RIGHT_WRIST_POSE,0.27397629618644714,0.689186692237854,-1.5395231246948242,,0.9808143973350525
184,22.011773586273193,HAND_0,WRIST_HAND,0.26278582215309143,0.6470497846603394,4.0898248698795214e-07,Left,
184,22.011773586273193,HAND_0,INDEX_FINGER_TIP,0.22686100006103516,0.3035075068473816,-0.06035240739583969,Left,
185,22.136295557022095,POSE,LEFT_SHOULDER,1.0886356830596924,0.9623737335205078,-0.14960724115371704,,0.8240811824798584
185,22.136295557022095,POSE,RIGHT_SHOULDER,0.676778256893158,0.9264152646064758,-0.20534908771514893,,0.9933688044548035
185,22.136295557022095,POSE,RIGHT_ELBOW,0.39201727509498596,0.9911722540855408,-0.6843111515045166,,0.972355306148529
185,22.136295557022095,POSE,RIGHT_WRIST_POSE,0.27114444971084595,0.6321763396263123,-1.4837275743484497,,0.982230007648468
185,22.136295557022095,HAND_0,WRIST_HAND,0.24408915638923645,0.5955296158790588,5.50022775769321e-07,Left,
185,22.136295557022095,HAND_0,INDEX_FINGER_TIP,0.20529672503471375,0.2529715299606323,-0.05951700732111931,Left,
186,22.259225845336914,POSE,LEFT_SHOULDER,1.0438882112503052,0.9429016709327698,-0.08985556662082672,,0.8347089290618896
186,22.259225845336914,POSE,RIGHT_SHOULDER,0.665518581867218,0.9216535091400146,-0.15876348316669464,,0.9938094019889832
186,22.259225845336914,POSE,RIGHT_ELBOW,0.37477123737335205,0.9219803214073181,-0.42207956314086914,,0.9735671281814575
186,22.259225845336914,POSE,RIGHT_WRIST_POSE,0.2707821726799011,0.5447894334793091,-0.9566054344177246,,0.9834514260292053
186,22.259225845336914,HAND_0,WRIST_HAND,0.2283184975385666,0.5333379507064819,4.7041885409271345e-07,Left,
186,22.259225845336914,HAND_0,INDEX_FINGER_TIP,0.19059303402900696,0.20868735015392303,-0.0631946325302124,Left,
187,22.38468098640442,POSE,LEFT_SHOULDER,1.0813742876052856,0.9536615014076233,-0.1057230606675148,,0.8395348787307739
187,22.38468098640442,POSE,RIGHT_SHOULDER,0.6647337079048157,0.9155616164207458,-0.17198872566223145,,0.9940821528434753
187,22.38468098640442,POSE,RIGHT_ELBOW,0.359839528799057,0.90093594789505,-0.48210638761520386,,0.97441166639328
187,22.38468098640442,POSE,RIGHT_WRIST_POSE,0.24153360724449158,0.5061814188957214,-1.1293073892593384,,0.9845152497291565
187,22.38468098640442,HAND_0,WRIST_HAND,0.20687951147556305,0.48771607875823975,4.4883617533741926e-07,Left,
187,22.38468098640442,HAND_0,INDEX_FINGER_TIP,0.15906552970409393,0.1865212768316269,-0.058989569544792175,Left,
188,22.51019287109375,POSE,LEFT_SHOULDER,1.0962426662445068,0.9637361168861389,-0.19982102513313293,,0.8323447704315186
188,22.51019287109375,POSE,RIGHT_SHOULDER,0.670476496219635,0.9150600433349609,-0.34125399589538574,,0.9939422011375427
188,22.51019287109375,POSE,RIGHT_ELBOW,0.3606511652469635,0.8817796111106873,-0.582770586013794,,0.9753780364990234
188,22.51019287109375,POSE,RIGHT_WRIST_POSE,0.22200994193553925,0.4873569905757904,-1.1378488540649414,,0.9854282140731812
188,22.51019287109375,HAND_0,WRIST_HAND,0.1863618940114975,0.4647160768508911,4.011708654161339e-07,Left,
188,22.51019287109375,HAND_0,INDEX_FINGER_TIP,0.13375626504421234,0.17734509706497192,-0.06764938682317734,Left,
189,22.629329919815063,POSE,LEFT_SHOULDER,1.0970380306243896,0.9642459750175476,-0.148873433470726,,0.8349687457084656
189,22.629329919815063,POSE,RIGHT_SHOULDER,0.6704153418540955,0.900974690914154,-0.39348798990249634,,0.9941504597663879
189,22.629329919815063,POSE,RIGHT_ELBOW,0.3606446087360382,0.8531302213668823,-0.6246453523635864,,0.9767169952392578
189,22.629329919815063,POSE,RIGHT_WRIST_POSE,0.20079562067985535,0.4670100212097168,-1.1302262544631958,,0.986038327217102
189,22.629329919815063,HAND_0,WRIST_HAND,0.1694278120994568,0.4524577260017395,3.5569843248595134e-07,Left,
189,22.629329919815063,HAND_0,INDEX_FINGER_TIP,0.1111178994178772,0.17222853004932404,-0.06471467763185501,Left,
190,22.73979353904724,POSE,LEFT_SHOULDER,1.097561001777649,0.9686182737350464,-0.138710618019104,,0.8384648561477661
190,22.73979353904724,POSE,RIGHT_SHOULDER,0.6702680587768555,0.8950144648551941,-0.3985064923763275,,0.9943907856941223
190,22.73979353904724,POSE,RIGHT_ELBOW,0.3604535162448883,0.8445723652839661,-0.6215841174125671,,0.9783936142921448
190,22.73979353904724,POSE,RIGHT_WRIST_POSE,0.1890469789505005,0.45096394419670105,-1.060067892074585,,0.9870050549507141
190,22.73979353904724,HAND_0,WRIST_HAND,0.16738353669643402,0.4511954188346863,3.335437668283703e-07,Left,
190,22.73979353904724,HAND_0,INDEX_FINGER_TIP,0.10785828530788422,0.17038439214229584,-0.0663720890879631,Left,
191,22.85027313232422,POSE,LEFT_SHOULDER,1.0117051601409912,0.9390204548835754,-0.1311192810535431,,0.8481499552726746
191,22.85027313232422,POSE,RIGHT_SHOULDER,0.6586487293243408,0.8930540680885315,-0.37334975600242615,,0.9946774840354919
191,22.85027313232422,POSE,RIGHT_ELBOW,0.35459190607070923,0.8446452021598816,-0.6655327081680298,,0.9792364239692688
191,22.85027313232422,POSE,RIGHT_WRIST_POSE,0.17776092886924744,0.45381230115890503,-1.2265021800994873,,0.9875765442848206
191,22.85027313232422,HAND_0,WRIST_HAND,0.16137094795703888,0.4549204111099243,3.4379974067633157e-07,Left,
191,22.85027313232422,HAND_0,INDEX_FINGER_TIP,0.0993320494890213,0.1762951761484146,-0.06831458956003189,Left,
192,22.980954885482788,POSE,LEFT_SHOULDER,1.001447081565857,0.9326242208480835,0.012885086238384247,,0.8478140830993652
192,22.980954885482788,POSE,RIGHT_SHOULDER,0.647797703742981,0.8922338485717773,-0.3671499192714691,,0.9947806596755981
192,22.980954885482788,POSE,RIGHT_ELBOW,0.3498874306678772,0.852304995059967,-0.6663471460342407,,0.9807096719741821
192,22.980954885482788,POSE,RIGHT_WRIST_POSE,0.17583777010440826,0.4613776206970215,-1.1189639568328857,,0.9884031414985657
192,22.980954885482788,HAND_0,WRIST_HAND,0.1546706110239029,0.4698115587234497,3.509949237923138e-07,Left,
192,22.980954885482788,HAND_0,INDEX_FINGER_TIP,0.094526007771492,0.18438053131103516,-0.07010997831821442,Left,
193,23.103319883346558,POSE,LEFT_SHOULDER,1.0071203708648682,0.9265676736831665,-0.01244425866752863,,0.8488678336143494
193,23.103319883346558,POSE,RIGHT_SHOULDER,0.6489442586898804,0.8927276134490967,-0.29313188791275024,,0.9945694804191589
193,23.103319883346558,POSE,RIGHT_ELBOW,0.34565484523773193,0.8586835265159607,-0.5381256341934204,,0.9803166389465332
193,23.103319883346558,POSE,RIGHT_WRIST_POSE,0.1669038087129593,0.4673759639263153,-0.9973431825637817,,0.9882115721702576
193,23.103319883346558,HAND_0,WRIST_HAND,0.14638780057430267,0.4768925905227661,3.5677859955285385e-07,Left,
193,23.103319883346558,HAND_0,INDEX_FINGER_TIP,0.08730743080377579,0.19119752943515778,-0.06632164120674133,Left,
194,23.22672414779663,POSE,LEFT_SHOULDER,1.0055840015411377,0.923557698726654,-0.20162133872509003,,0.8356969952583313
194,23.22672414779663,POSE,RIGHT_SHOULDER,0.6502408385276794,0.8932027816772461,-0.2314709722995758,,0.9936246871948242
194,23.22672414779663,POSE,RIGHT_ELBOW,0.34624430537223816,0.8620697259902954,-0.4309399724006653,,0.9783453941345215
194,23.22672414779663,POSE,RIGHT_WRIST_POSE,0.16763269901275635,0.47252947092056274,-0.9061447978019714,,0.9874805212020874
194,23.22672414779663,HAND_0,WRIST_HAND,0.14498691260814667,0.48241037130355835,2.9201677875789755e-07,Left,
194,23.22672414779663,HAND_0,INDEX_FINGER_TIP,0.07947418093681335,0.19820182025432587,-0.07036939263343811,Left,
195,23.3473699092865,POSE,LEFT_SHOULDER,1.00274658203125,0.9232218265533447,-0.24919874966144562,,0.8218606114387512
195,23.3473699092865,POSE,RIGHT_SHOULDER,0.6501888632774353,0.8934956192970276,-0.22699376940727234,,0.9931721687316895
195,23.3473699092865,POSE,RIGHT_ELBOW,0.34089863300323486,0.8648742437362671,-0.42239242792129517,,0.9791698455810547
195,23.3473699092865,POSE,RIGHT_WRIST_POSE,0.16027384996414185,0.46830135583877563,-0.8791612386703491,,0.9879834651947021
195,23.3473699092865,HAND_0,WRIST_HAND,0.14698079228401184,0.4864066243171692,-9.459132144229443e-08,Left,
195,23.3473699092865,HAND_0,INDEX_FINGER_TIP,0.10952401161193848,0.29884809255599976,-0.04142550751566887,Left,
196,23.472883224487305,POSE,LEFT_SHOULDER,1.0100317001342773,0.9242873787879944,-0.26530298590660095,,0.8214941620826721
196,23.472883224487305,POSE,RIGHT_SHOULDER,0.6501059532165527,0.8936138153076172,-0.23501229286193848,,0.9932368397712708
196,23.472883224487305,POSE,RIGHT_ELBOW,0.3389942944049835,0.8666667938232422,-0.448310911655426,,0.978821337223053
196,23.472883224487305,POSE,RIGHT_WRIST_POSE,0.1574275940656662,0.4708874821662903,-0.957574188709259,,0.9881253838539124
196,23.472883224487305,HAND_0,WRIST_HAND,0.14217405021190643,0.4964047372341156,-3.058830202462559e-07,Left,
196,23.472883224487305,HAND_0,INDEX_FINGER_TIP,0.126394584774971,0.356073260307312,-0.029863880947232246,Left,
197,23.59731411933899,POSE,LEFT_SHOULDER,1.0127766132354736,0.9248867034912109,-0.25074344873428345,,0.815997838973999
197,23.59731411933899,POSE,RIGHT_SHOULDER,0.6504651308059692,0.8945184350013733,-0.23570838570594788,,0.9932073354721069
197,23.59731411933899,POSE,RIGHT_ELBOW,0.3374500870704651,0.8679597973823547,-0.5024529695510864,,0.9784700870513916
197,23.59731411933899,POSE,RIGHT_WRIST_POSE,0.15369682013988495,0.4748161733150482,-1.0945866107940674,,0.9881193041801453
197,23.59731411933899,HAND_0,WRIST_HAND,0.13308185338974,0.5067492127418518,-2.704180417367752e-07,Left,
197,23.59731411933899,HAND_0,INDEX_FINGER_TIP,0.12357182800769806,0.37043771147727966,-0.032389990985393524,Left,
198,23.720197677612305,POSE,LEFT_SHOULDER,1.0132219791412354,0.9251095056533813,-0.291445255279541,,0.8034113049507141
198,23.720197677612305,POSE,RIGHT_SHOULDER,0.6513329148292542,0.8956493139266968,-0.24404697120189667,,0.9928650259971619
198,23.720197677612305,POSE,RIGHT_ELBOW,0.33608609437942505,0.8687876462936401,-0.5079034566879272,,0.9782068729400635
198,23.720197677612305,POSE,RIGHT_WRIST_POSE,0.14767424762248993,0.47656285762786865,-1.073038101196289,,0.9878118634223938
198,23.720197677612305,HAND_0,WRIST_HAND,0.1301092654466629,0.5055224895477295,-2.5587212348909816e-07,Left,
198,23.720197677612305,HAND_0,INDEX_FINGER_TIP,0.1207408457994461,0.37399622797966003,-0.03342702239751816,Left,
199,23.844491481781006,POSE,LEFT_SHOULDER,1.0155677795410156,0.9236289858818054,-0.27371761202812195,,0.8093241453170776
199,23.844491481781006,POSE,RIGHT_SHOULDER,0.6514633893966675,0.896532416343689,-0.30464550852775574,,0.9929583072662354
199,23.844491481781006,POSE,RIGHT_ELBOW,0.33652785420417786,0.8698691129684448,-0.6607789993286133,,0.9775058031082153
199,23.844491481781006,POSE,RIGHT_WRIST_POSE,0.1502247303724289,0.49551498889923096,-1.3519171476364136,,0.9874476790428162
199,23.844491481781006,HAND_0,WRIST_HAND,0.12135033309459686,0.5130851864814758,-2.2441402336426108e-07,Left,
199,23.844491481781006,HAND_0,INDEX_FINGER_TIP,0.10156305134296417,0.3765055239200592,-0.042718980461359024,Left,
200,23.97318434715271,POSE,LEFT_SHOULDER,1.016371726989746,0.9238800406455994,-0.2604389786720276,,0.7864714860916138
200,23.97318434715271,POSE,RIGHT_SHOULDER,0.6557233929634094,0.9015840888023376,-0.30649232864379883,,0.9924772381782532
200,23.97318434715271,POSE,RIGHT_ELBOW,0.3367704451084137,0.8707154393196106,-0.6535342931747437,,0.978033185005188
200,23.97318434715271,POSE,RIGHT_WRIST_POSE,0.14623524248600006,0.49685192108154297,-1.093463659286499,,0.9874427914619446
200,23.97318434715271,HAND_0,WRIST_HAND,0.12098753452301025,0.5206844210624695,-2.5732406427891874e-08,Left,
200,23.97318434715271,HAND_0,INDEX_FINGER_TIP,0.07114607095718384,0.34745922684669495,-0.0432901605963707,Left,
201,24.08423686027527,POSE,LEFT_SHOULDER,1.0180695056915283,0.9203764200210571,-0.2529069185256958,,0.7638402581214905
201,24.08423686027527,POSE,RIGHT_SHOULDER,0.6577814817428589,0.9031680822372437,-0.2728509306907654,,0.9916805028915405
201,24.08423686027527,POSE,RIGHT_ELBOW,0.33738622069358826,0.8722506165504456,-0.4922424852848053,,0.9773434400558472
201,24.08423686027527,POSE,RIGHT_WRIST_POSE,0.14543965458869934,0.5132184028625488,-0.902281641960144,,0.9869236946105957
201,24.08423686027527,HAND_0,WRIST_HAND,0.11767315864562988,0.5249866247177124,4.955216681423735e-08,Left,
201,24.08423686027527,HAND_0,INDEX_FINGER_TIP,0.05736784264445305,0.3369831144809723,-0.04608605429530144,Left,
202,24.18874979019165,POSE,LEFT_SHOULDER,1.014580249786377,0.9163271188735962,-0.24874278903007507,,0.7615781426429749
202,24.18874979019165,POSE,RIGHT_SHOULDER,0.6662426590919495,0.9035091400146484,-0.22259211540222168,,0.9915892481803894
202,24.18874979019165,POSE,RIGHT_ELBOW,0.3381832540035248,0.8733893632888794,-0.3845502734184265,,0.976506769657135
202,24.18874979019165,POSE,RIGHT_WRIST_POSE,0.1366468071937561,0.5375127196311951,-0.8039547801017761,,0.9857114553451538
202,24.18874979019165,HAND_0,WRIST_HAND,0.095492422580719,0.5395411849021912,2.2843877900413645e-07,Left,
202,24.18874979019165,HAND_0,INDEX_FINGER_TIP,-0.014510288834571838,0.31565093994140625,-0.05793857201933861,Left,
203,24.29565143585205,POSE,LEFT_SHOULDER,1.0119926929473877,0.913695216178894,-0.2467392235994339,,0.762654721736908
203,24.29565143585205,POSE,RIGHT_SHOULDER,0.6662884950637817,0.9048558473587036,-0.26236242055892944,,0.9915393590927124
203,24.29565143585205,POSE,RIGHT_ELBOW,0.3381948471069336,0.8762387633323669,-0.4279748797416687,,0.9762930870056152
203,24.29565143585205,POSE,RIGHT_WRIST_POSE,0.1214485615491867,0.5451578497886658,-0.9038655161857605,,0.9854403734207153
203,24.29565143585205,HAND_0,WRIST_HAND,0.08232379704713821,0.5619021654129028,3.3677747524052393e-07,Left,
203,24.29565143585205,HAND_0,INDEX_FINGER_TIP,-0.028048716485500336,0.33283475041389465,-0.026503175497055054,Left,
204,24.39663863182068,POSE,LEFT_SHOULDER,1.0127127170562744,0.9109675884246826,-0.2492433786392212,,0.7680470943450928
204,24.39663863182068,POSE,RIGHT_SHOULDER,0.6663159132003784,0.9050970077514648,-0.286981463432312,,0.9915211796760559
204,24.39663863182068,POSE,RIGHT_ELBOW,0.3377622067928314,0.8790833353996277,-0.4480474591255188,,0.9760720729827881
204,24.39663863182068,POSE,RIGHT_WRIST_POSE,0.11917650699615479,0.5632887482643127,-0.9350921511650085,,0.9850812554359436
204,24.39663863182068,HAND_0,WRIST_HAND,0.08185422420501709,0.5695292949676514,2.920323538546654e-07,Left,
204,24.39663863182068,HAND_0,INDEX_FINGER_TIP,-0.030445296317338943,0.3344971537590027,-0.035568442195653915,Left,
205,24.505725145339966,POSE,LEFT_SHOULDER,0.9926568865776062,0.9111124277114868,-0.27862313389778137,,0.7477882504463196
205,24.505725145339966,POSE,RIGHT_SHOULDER,0.6661047339439392,0.9062138795852661,-0.17264112830162048,,0.9893826842308044
205,24.505725145339966,POSE,RIGHT_ELBOW,0.3353220820426941,0.8799302577972412,-0.33242523670196533,,0.9722092151641846
205,24.505725145339966,POSE,RIGHT_WRIST_POSE,0.105563223361969,0.5584980845451355,-0.7736759781837463,,0.9825519919395447
205,24.505725145339966,HAND_0,WRIST_HAND,0.07256659865379333,0.577978789806366,3.209036094631301e-07,Left,
205,24.505725145339966,HAND_0,INDEX_FINGER_TIP,-0.03633052855730057,0.3469141125679016,-0.020616808906197548,Left,
206,24.61648917198181,POSE,LEFT_SHOULDER,0.9948511123657227,0.9113003015518188,-0.2953757345676422,,0.7417795062065125
206,24.61648917198181,POSE,RIGHT_SHOULDER,0.6363692283630371,0.9068090319633484,-0.3464697003364563,,0.9884052276611328
206,24.61648917198181,POSE,RIGHT_ELBOW,0.30874401330947876,0.8765607476234436,-0.5629721283912659,,0.9692127108573914
206,24.61648917198181,POSE,RIGHT_WRIST_POSE,0.06524759531021118,0.5534164309501648,-1.0516798496246338,,0.9789944887161255
206,24.61648917198181,HAND_0,WRIST_HAND,0.04813161492347717,0.5880388617515564,2.50461340556285e-07,Right,
206,24.61648917198181,HAND_0,INDEX_FINGER_TIP,-0.03170604258775711,0.36360806226730347,-0.02177274040877819,Right,
207,24.724818229675293,POSE,LEFT_SHOULDER,0.9731636047363281,0.912385880947113,-0.2918460965156555,,0.761307954788208
207,24.724818229675293,POSE,RIGHT_SHOULDER,0.576737642288208,0.9106460213661194,-0.238796204328537,,0.9872726798057556
207,24.724818229675293,POSE,RIGHT_ELBOW,0.2885623276233673,0.8849175572395325,-0.4289419651031494,,0.9643941521644592
207,24.724818229675293,POSE,RIGHT_WRIST_POSE,0.0578378364443779,0.6511978507041931,-0.9989975690841675,,0.9709952473640442
208,24.80439281463623,POSE,LEFT_SHOULDER,0.9575039744377136,0.9144021272659302,-0.25130754709243774,,0.7756572365760803
208,24.80439281463623,POSE,RIGHT_SHOULDER,0.5551382303237915,0.9167462587356567,-0.19991841912269592,,0.9860426783561707
208,24.80439281463623,POSE,RIGHT_ELBOW,0.272194504737854,0.9078605771064758,-0.39476636052131653,,0.9547610282897949
208,24.80439281463623,POSE,RIGHT_WRIST_POSE,0.06149197742342949,0.7284774780273438,-0.9609006643295288,,0.9602557420730591
209,24.888907194137573,POSE,LEFT_SHOULDER,0.910881519317627,0.9193230271339417,-0.25121384859085083,,0.7959421873092651
209,24.888907194137573,POSE,RIGHT_SHOULDER,0.48056888580322266,0.9189414381980896,-0.08350114524364471,,0.9855445623397827
209,24.888907194137573,POSE,RIGHT_ELBOW,0.19030621647834778,0.9393632411956787,-0.45678624510765076,,0.936875581741333
209,24.888907194137573,POSE,RIGHT_WRIST_POSE,0.05238959193229675,0.8102489113807678,-1.3162280321121216,,0.9433726072311401
210,24.99197745323181,POSE,LEFT_SHOULDER,0.8755670785903931,0.9236490726470947,-0.2604929208755493,,0.8161911368370056
210,24.99197745323181,POSE,RIGHT_SHOULDER,0.44518500566482544,0.9251442551612854,-0.07696796953678131,,0.9865001440048218
210,24.99197745323181,POSE,RIGHT_ELBOW,0.16281934082508087,1.0068953037261963,-0.579518735408783,,0.9141026139259338
210,24.99197745323181,POSE,RIGHT_WRIST_POSE,0.03507491946220398,0.9382802844047546,-1.5623538494110107,,0.9149760603904724
211,25.08938479423523,POSE,LEFT_SHOULDER,0.8712576031684875,0.9250651597976685,-0.3343612551689148,,0.8301502466201782
211,25.08938479423523,POSE,RIGHT_SHOULDER,0.421119749546051,0.936252772808075,-0.1948317289352417,,0.9820818305015564
211,25.08938479423523,POSE,RIGHT_ELBOW,0.13127702474594116,0.9865530729293823,-0.6564799547195435,,0.8762273788452148
211,25.08938479423523,POSE,RIGHT_WRIST_POSE,-0.0450870506465435,0.9446898102760315,-1.5175518989562988,,0.8708772659301758
212,25.16825246810913,POSE,LEFT_SHOULDER,0.8495521545410156,0.9250501990318298,-0.363494336605072,,0.8441771864891052
212,25.16825246810913,POSE,RIGHT_SHOULDER,0.37285688519477844,0.9455601572990417,-0.24973027408123016,,0.9769064784049988
212,25.16825246810913,POSE,RIGHT_ELBOW,0.12822191417217255,1.0650889873504639,-0.6546918749809265,,0.8206428289413452
212,25.16825246810913,POSE,RIGHT_WRIST_POSE,-0.03566748648881912,0.9774066805839539,-1.5152993202209473,,0.8134026527404785
213,25.241546392440796,POSE,LEFT_SHOULDER,0.8524856567382812,0.9257534146308899,-0.34515243768692017,,0.8593533635139465
213,25.241546392440796,POSE,RIGHT_SHOULDER,0.3966556489467621,0.948056161403656,-0.24605107307434082,,0.9782893657684326
213,25.241546392440796,POSE,RIGHT_ELBOW,0.21051938831806183,1.2631092071533203,-0.50382000207901,,0.7591508626937866
213,25.241546392440796,POSE,RIGHT_WRIST_POSE,0.11469529569149017,1.4222939014434814,-1.3893930912017822,,0.7401686906814575
214,25.315937757492065,POSE,LEFT_SHOULDER,0.8392056226730347,0.9247748851776123,-0.34214258193969727,,0.8730199933052063
214,25.315937757492065,POSE,RIGHT_SHOULDER,0.36256837844848633,0.9470868706703186,-0.24306687712669373,,0.9799813032150269
214,25.315937757492065,POSE,RIGHT_ELBOW,0.16229084134101868,1.1487876176834106,-0.4722173810005188,,0.7279083132743835
214,25.315937757492065,POSE,RIGHT_WRIST_POSE,0.10278123617172241,1.45613694190979,-1.3568756580352783,,0.6776326298713684
215,25.39744210243225,POSE,LEFT_SHOULDER,0.8370403051376343,0.9224548935890198,-0.3376747667789459,,0.8855533599853516
215,25.39744210243225,POSE,RIGHT_SHOULDER,0.36889660358428955,0.9463366866111755,-0.19344215095043182,,0.9817126989364624
215,25.39744210243225,POSE,RIGHT_ELBOW,0.15746843814849854,1.1061652898788452,-0.4368073046207428,,0.6973767280578613
215,25.39744210243225,POSE,RIGHT_WRIST_POSE,0.09583751857280731,1.3757330179214478,-1.3372904062271118,,0.6319645047187805
216,25.468409776687622,POSE,LEFT_SHOULDER,0.8321315050125122,0.9218721985816956,-0.33306294679641724,,0.8968567252159119
216,25.468409776687622,POSE,RIGHT_SHOULDER,0.3669108748435974,0.9457833766937256,-0.19547763466835022,,0.9834132790565491
216,25.468409776687622,POSE,RIGHT_ELBOW,0.1684723198413849,1.2513675689697266,-0.43911632895469666,,0.6646389961242676
216,25.468409776687622,POSE,RIGHT_WRIST_POSE,0.09361255168914795,1.4336570501327515,-1.3189167976379395,,0.5824372172355652
217,25.554879188537598,POSE,LEFT_SHOULDER,0.8150574564933777,0.91301429271698,-0.3249587416648865,,0.9069705605506897
217,25.554879188537598,POSE,RIGHT_SHOULDER,0.36497431993484497,0.9453487396240234,-0.2045411616563797,,0.9848009347915649
217,25.554879188537598,POSE,RIGHT_ELBOW,0.21500694751739502,1.2894060611724854,-0.4300597608089447,,0.6223853826522827
217,25.554879188537598,POSE,RIGHT_WRIST_POSE,0.17920979857444763,1.5210500955581665,-1.3151600360870361,,0.5332215428352356
218,25.629374504089355,POSE,LEFT_SHOULDER,0.8208033442497253,0.9130857586860657,-0.3339312672615051,,0.9160692691802979
218,25.629374504089355,POSE,RIGHT_SHOULDER,0.36647093296051025,0.9471904039382935,-0.20741567015647888,,0.9860982894897461
218,25.629374504089355,POSE,RIGHT_ELBOW,0.21480858325958252,1.3088802099227905,-0.38445180654525757,,0.5999518036842346
219,25.70753026008606,POSE,LEFT_SHOULDER,0.8246658444404602,0.9131448864936829,-0.31731197237968445,,0.9242932796478271
219,25.70753026008606,POSE,RIGHT_SHOULDER,0.370745986700058,0.9508909583091736,-0.21638567745685577,,0.9873524904251099
219,25.70753026008606,POSE,RIGHT_ELBOW,0.23207548260688782,1.3270821571350098,-0.3732694089412689,,0.5738573670387268
220,25.78029704093933,POSE,LEFT_SHOULDER,0.8258501887321472,0.9133508205413818,-0.28982967138290405,,0.9316909909248352
220,25.78029704093933,POSE,RIGHT_SHOULDER,0.3707083463668823,0.952064573764801,-0.24392950534820557,,0.9885210990905762
220,25.78029704093933,POSE,RIGHT_ELBOW,0.2384311854839325,1.3297911882400513,-0.36969107389450073,,0.5549002885818481
221,25.855740070343018,POSE,LEFT_SHOULDER,0.8249073028564453,0.9138612747192383,-0.2902234196662903,,0.9383755326271057
221,25.855740070343018,POSE,RIGHT_SHOULDER,0.36152273416519165,0.9521661400794983,-0.2567571997642517,,0.9895562529563904
221,25.855740070343018,POSE,RIGHT_ELBOW,0.23247961699962616,1.3216487169265747,-0.38951730728149414,,0.5390642881393433
222,25.94574236869812,POSE,LEFT_SHOULDER,0.8247319459915161,0.9154165387153625,-0.2647325396537781,,0.9444104433059692
222,25.94574236869812,POSE,RIGHT_SHOULDER,0.3486844599246979,0.9520853757858276,-0.2539016306400299,,0.9905187487602234
222,25.94574236869812,POSE,RIGHT_ELBOW,0.21355178952217102,1.3193719387054443,-0.3431933522224426,,0.5325183868408203
223,26.029036045074463,POSE,LEFT_SHOULDER,0.8259761929512024,0.9176222681999207,-0.19250474870204926,,0.9498621225357056
223,26.029036045074463,POSE,RIGHT_SHOULDER,0.34983450174331665,0.9519457221031189,-0.25104260444641113,,0.9914008975028992
223,26.029036045074463,POSE,RIGHT_ELBOW,0.21534578502178192,1.3230502605438232,-0.25359195470809937,,0.5215674042701721
224,26.110859870910645,POSE,LEFT_SHOULDER,0.8269953727722168,0.9199803471565247,-0.2105521708726883,,0.9547274708747864
224,26.110859870910645,POSE,RIGHT_SHOULDER,0.3539504408836365,0.9518350958824158,-0.2699081003665924,,0.9921808838844299
224,26.110859870910645,POSE,RIGHT_ELBOW,0.2178284227848053,1.3291696310043335,-0.23253193497657776,,0.5180996060371399
225,26.20464253425598,POSE,LEFT_SHOULDER,0.8273504972457886,0.9207513332366943,-0.2184625118970871,,0.9591683745384216
225,26.20464253425598,POSE,RIGHT_SHOULDER,0.35501599311828613,0.9520833492279053,-0.268987774848938,,0.9928986430168152
225,26.20464253425598,POSE,RIGHT_ELBOW,0.22286412119865417,1.3337773084640503,-0.22578084468841553,,0.509086549282074
226,26.28875184059143,POSE,LEFT_SHOULDER,0.8332966566085815,0.923640251159668,-0.22073332965373993,,0.9631614685058594
226,26.28875184059143,POSE,RIGHT_SHOULDER,0.3583804965019226,0.9537078142166138,-0.26643577218055725,,0.9935511350631714
227,26.373592138290405,POSE,LEFT_SHOULDER,0.8334682583808899,0.9246184825897217,-0.18955732882022858,,0.9667744636535645
227,26.373592138290405,POSE,RIGHT_SHOULDER,0.35982292890548706,0.9536498188972473,-0.2381642758846283,,0.9941446781158447
228,26.44257164001465,POSE,LEFT_SHOULDER,0.8337091207504272,0.9254742860794067,-0.18529841303825378,,0.9700229167938232
228,26.44257164001465,POSE,RIGHT_SHOULDER,0.3605632483959198,0.9536147713661194,-0.22937145829200745,,0.994676411151886
229,26.5204119682312,POSE,LEFT_SHOULDER,0.8457682728767395,0.9257544279098511,-0.19422730803489685,,0.9729486107826233
229,26.5204119682312,POSE,RIGHT_SHOULDER,0.3609698414802551,0.9541105031967163,-0.278830885887146,,0.9951485395431519
230,26.605236768722534,POSE,LEFT_SHOULDER,0.8550115823745728,0.9257017970085144,-0.19674548506736755,,0.9755447506904602
230,26.605236768722534,POSE,RIGHT_SHOULDER,0.36446160078048706,0.9544546604156494,-0.29297512769699097,,0.9955525994300842
231,26.68264389038086,POSE,LEFT_SHOULDER,0.8570860624313354,0.9251286387443542,-0.202921062707901,,0.9778735041618347
231,26.68264389038086,POSE,RIGHT_SHOULDER,0.360965371131897,0.954357922077179,-0.34308114647865295,,0.9959021210670471
232,26.757153511047363,POSE,LEFT_SHOULDER,0.8613194227218628,0.9227254390716553,-0.20653149485588074,,0.9799332022666931
232,26.757153511047363,POSE,RIGHT_SHOULDER,0.3600245416164398,0.9535894989967346,-0.3394416868686676,,0.9962182641029358
232,26.757153511047363,POSE,RIGHT_ELBOW,0.2641642391681671,1.3735781908035278,-0.29713472723960876,,0.5062767267227173
233,26.840941190719604,POSE,LEFT_SHOULDER,0.8664764165878296,0.9211229681968689,-0.21903815865516663,,0.9818417429924011
233,26.840941190719604,POSE,RIGHT_SHOULDER,0.3566528856754303,0.9535281658172607,-0.37381941080093384,,0.9965254068374634
233,26.840941190719604,POSE,RIGHT_ELBOW,0.2634950578212738,1.3735491037368774,-0.3336336016654968,,0.5113814473152161
234,26.91036868095398,POSE,LEFT_SHOULDER,0.8688474893569946,0.9187859892845154,-0.22216269373893738,,0.9835668206214905
234,26.91036868095398,POSE,RIGHT_SHOULDER,0.3541926145553589,0.9534346461296082,-0.36086639761924744,,0.9968083500862122
234,26.91036868095398,POSE,RIGHT_ELBOW,0.262982577085495,1.3771476745605469,-0.35374391078948975,,0.5156301856040955
235,26.9935405254364,POSE,LEFT_SHOULDER,0.869087815284729,0.9150144457817078,-0.21346767246723175,,0.9851032495498657
235,26.9935405254364,POSE,RIGHT_SHOULDER,0.3500879406929016,0.9527689814567566,-0.34910011291503906,,0.9970450401306152
235,26.9935405254364,POSE,RIGHT_ELBOW,0.2604755759239197,1.38028883934021,-0.3595176041126251,,0.5190938115119934
236,27.072224378585815,POSE,LEFT_SHOULDER,0.8712949752807617,0.9132573008537292,-0.1976049840450287,,0.9865189790725708
236,27.072224378585815,POSE,RIGHT_SHOULDER,0.3493347764015198,0.9521681070327759,-0.3429810404777527,,0.997285783290863
236,27.072224378585815,POSE,RIGHT_ELBOW,0.2603643834590912,1.3833483457565308,-0.3569102883338928,,0.5130349397659302
237,27.149924755096436,POSE,LEFT_SHOULDER,0.8719949722290039,0.9110263586044312,-0.2176007777452469,,0.9877898693084717
237,27.149924755096436,POSE,RIGHT_SHOULDER,0.34854820370674133,0.9504768252372742,-0.3723689913749695,,0.9975034594535828
237,27.149924755096436,POSE,RIGHT_ELBOW,0.25996631383895874,1.3878982067108154,-0.4071921408176422,,0.5119601488113403
